,word,frequency,rankdata,log_freq,log_rank
0,way,5,1443.0,1.6094379124341003,7.274479558773871
1,free,6,1481.5,1.791759469228055,7.30081036701362
2,QA,2,623.0,0.6931471805599453,6.434546518787453
3,hahabeautiful,2,623.0,0.6931471805599453,6.434546518787453
4,home,4,1344.0,1.3862943611198906,7.203405521083095
5,lifeStarlink,2,623.0,0.6931471805599453,6.434546518787453
6,terminals,6,1481.5,1.791759469228055,7.30081036701362
7,near,6,1481.5,1.791759469228055,7.30081036701362
8,conflict,2,623.0,0.6931471805599453,6.434546518787453
9,areas,2,623.0,0.6931471805599453,6.434546518787453
10,jammed,2,623.0,0.6931471805599453,6.434546518787453
11,several,8,1533.5,2.0794415416798357,7.335307983554306
12,hours,2,623.0,0.6931471805599453,6.434546518787453
13,time,16,1577.5,2.772588722239781,7.363596594415368
14,latest,4,1344.0,1.3862943611198906,7.203405521083095
15,software,14,1572.5,2.6390573296152584,7.360421988574595
16,update,4,1344.0,1.3862943611198906,7.203405521083095
17,bypasses,2,623.0,0.6931471805599453,6.434546518787453
18,jamming,4,1344.0,1.3862943611198906,7.203405521083095
19,curious,2,623.0,0.6931471805599453,6.434546518787453
20,see,10,1552.5,2.302585092994046,7.347621813807634
21,whats,4,1344.0,1.3862943611198906,7.203405521083095
22,nextExactlynews,2,623.0,0.6931471805599453,6.434546518787453
23,sources,4,1344.0,1.3862943611198906,7.203405521083095
24,partially,2,623.0,0.6931471805599453,6.434546518787453
25,propaganda,2,623.0,0.6931471805599453,6.434546518787453
26,othersStarlink,2,623.0,0.6931471805599453,6.434546518787453
27,told,6,1481.5,1.791759469228055,7.30081036701362
28,governments,2,623.0,0.6931471805599453,6.434546518787453
29,Ukraine,8,1533.5,2.0794415416798357,7.335307983554306
30,block,4,1344.0,1.3862943611198906,7.203405521083095
31,Russian,6,1481.5,1.791759469228055,7.30081036701362
32,news,4,1344.0,1.3862943611198906,7.203405521083095
33,unless,8,1533.5,2.0794415416798357,7.335307983554306
34,gunpoint,2,623.0,0.6931471805599453,6.434546518787453
35,Sorry,2,623.0,0.6931471805599453,6.434546518787453
36,speech,2,623.0,0.6931471805599453,6.434546518787453
37,absolutistSpaceX,2,623.0,0.6931471805599453,6.434546518787453
38,reprioritized,2,623.0,0.6931471805599453,6.434546518787453
39,cyber,2,623.0,0.6931471805599453,6.434546518787453
40,defense,2,623.0,0.6931471805599453,6.434546518787453
41,amp,80,1586.0,4.382026634673881,7.368970402194793
42,overcoming,2,623.0,0.6931471805599453,6.434546518787453
43,signal,4,1344.0,1.3862943611198906,7.203405521083095
44,cause,2,623.0,0.6931471805599453,6.434546518787453
45,slight,2,623.0,0.6931471805599453,6.434546518787453
46,delays,2,623.0,0.6931471805599453,6.434546518787453
47,Starship,6,1481.5,1.791759469228055,7.30081036701362
48,Starlink,18,1580.0,2.8903717578961645,7.365180126021013
49,V2Exactlyalso,2,623.0,0.6931471805599453,6.434546518787453
50,sympathies,2,623.0,0.6931471805599453,6.434546518787453
51,great,6,1481.5,1.791759469228055,7.30081036701362
52,people,26,1584.0,3.258096538021482,7.367708572374371
53,Russia,2,623.0,0.6931471805599453,6.434546518787453
54,wantHold,2,623.0,0.6931471805599453,6.434546518787453
55,Strong,2,623.0,0.6931471805599453,6.434546518787453
56,UkraineObviously,2,623.0,0.6931471805599453,6.434546518787453
57,would,18,1580.0,2.8903717578961645,7.365180126021013
58,negatively,2,623.0,0.6931471805599453,6.434546518787453
59,affect,4,1344.0,1.3862943611198906,7.203405521083095
60,Tesla,32,1585.0,3.4657359027997265,7.368339686311381
61,sustainable,4,1344.0,1.3862943611198906,7.203405521083095
62,energy,8,1533.5,2.0794415416798357,7.335307983554306
63,solutions,2,623.0,0.6931471805599453,6.434546518787453
64,simply,4,1344.0,1.3862943611198906,7.203405521083095
65,react,2,623.0,0.6931471805599453,6.434546518787453
66,instantaneously,2,623.0,0.6931471805599453,6.434546518787453
67,make,20,1582.5,2.995732273553991,7.366761154018331
68,oil,4,1344.0,1.3862943611198906,7.203405521083095
69,gas,4,1344.0,1.3862943611198906,7.203405521083095
70,exportsHate,2,623.0,0.6931471805599453,6.434546518787453
71,say,8,1533.5,2.0794415416798357,7.335307983554306
72,need,4,1344.0,1.3862943611198906,7.203405521083095
73,increase,2,623.0,0.6931471805599453,6.434546518787453
74,output,4,1344.0,1.3862943611198906,7.203405521083095
75,immediately,2,623.0,0.6931471805599453,6.434546518787453
76,Extraordinary,2,623.0,0.6931471805599453,6.434546518787453
77,times,6,1481.5,1.791759469228055,7.30081036701362
78,demand,4,1344.0,1.3862943611198906,7.203405521083095
79,extraordinary,2,623.0,0.6931471805599453,6.434546518787453
80,measuresHaha,2,623.0,0.6931471805599453,6.434546518787453
81,sureIch,2,623.0,0.6931471805599453,6.434546518787453
82,möchte,2,623.0,0.6931471805599453,6.434546518787453
83,mich,2,623.0,0.6931471805599453,6.434546518787453
84,recht,2,623.0,0.6931471805599453,6.434546518787453
85,herzlich,2,623.0,0.6931471805599453,6.434546518787453
86,bedanken,2,623.0,0.6931471805599453,6.434546518787453
87,Die,2,623.0,0.6931471805599453,6.434546518787453
88,Zukunft,2,623.0,0.6931471805599453,6.434546518787453
89,ist,2,623.0,0.6931471805599453,6.434546518787453
90,sehr,2,623.0,0.6931471805599453,6.434546518787453
91,spannendfutureGameAlmost,2,623.0,0.6931471805599453,6.434546518787453
92,Viasat,2,623.0,0.6931471805599453,6.434546518787453
93,user,4,1344.0,1.3862943611198906,7.203405521083095
94,rendered,2,623.0,0.6931471805599453,6.434546518787453
95,permanently,2,623.0,0.6931471805599453,6.434546518787453
96,unusable,2,623.0,0.6931471805599453,6.434546518787453
97,cyberattack,2,623.0,0.6931471805599453,6.434546518787453
98,day,6,1481.5,1.791759469228055,7.30081036701362
99,invasion,2,623.0,0.6931471805599453,6.434546518787453
100,yesYes,2,623.0,0.6931471805599453,6.434546518787453
101,provided,2,623.0,0.6931471805599453,6.434546518787453
102,metal,2,623.0,0.6931471805599453,6.434546518787453
103,particles,2,623.0,0.6931471805599453,6.434546518787453
104,paintPlace,2,623.0,0.6931471805599453,6.434546518787453
105,light,2,623.0,0.6931471805599453,6.434546518787453
106,camouflage,2,623.0,0.6931471805599453,6.434546518787453
107,antenna,8,1533.5,2.0794415416798357,7.335307983554306
108,avoid,4,1344.0,1.3862943611198906,7.203405521083095
109,visual,2,623.0,0.6931471805599453,6.434546518787453
110,detectionTurn,2,623.0,0.6931471805599453,6.434546518787453
111,needed,4,1344.0,1.3862943611198906,7.203405521083095
112,place,2,623.0,0.6931471805599453,6.434546518787453
113,away,8,1533.5,2.0794415416798357,7.335307983554306
114,far,6,1481.5,1.791759469228055,7.30081036701362
115,possibleImportant,2,623.0,0.6931471805599453,6.434546518787453
116,warning,2,623.0,0.6931471805599453,6.434546518787453
117,nonRussian,2,623.0,0.6931471805599453,6.434546518787453
118,communications,2,623.0,0.6931471805599453,6.434546518787453
119,system,6,1481.5,1.791759469228055,7.30081036701362
120,still,12,1563.0,2.4849066497880004,7.354362330421477
121,working,12,1563.0,2.4849066497880004,7.354362330421477
122,parts,6,1481.5,1.791759469228055,7.30081036701362
123,probability,2,623.0,0.6931471805599453,6.434546518787453
124,targeted,2,623.0,0.6931471805599453,6.434546518787453
125,high,12,1563.0,2.4849066497880004,7.354362330421477
126,Please,2,623.0,0.6931471805599453,6.434546518787453
127,use,8,1533.5,2.0794415416798357,7.335307983554306
128,cautionclass,2,623.0,0.6931471805599453,6.434546518787453
129,action,4,1344.0,1.3862943611198906,7.203405521083095
130,lawsuits,2,623.0,0.6931471805599453,6.434546518787453
131,actual,4,1344.0,1.3862943611198906,7.203405521083095
132,plaintiff,2,623.0,0.6931471805599453,6.434546518787453
133,always,2,623.0,0.6931471805599453,6.434546518787453
134,class,2,623.0,0.6931471805599453,6.434546518787453
135,law,2,623.0,0.6931471805599453,6.434546518787453
136,firm,2,623.0,0.6931471805599453,6.434546518787453
137,find,4,1344.0,1.3862943611198906,7.203405521083095
138,someone,4,1344.0,1.3862943611198906,7.203405521083095
139,willing,2,623.0,0.6931471805599453,6.434546518787453
140,serve,6,1481.5,1.791759469228055,7.30081036701362
141,puppet,4,1344.0,1.3862943611198906,7.203405521083095
142,represent,2,623.0,0.6931471805599453,6.434546518787453
143,classUpdating,2,623.0,0.6931471805599453,6.434546518787453
144,reduce,2,623.0,0.6931471805599453,6.434546518787453
145,peak,2,623.0,0.6931471805599453,6.434546518787453
146,power,2,623.0,0.6931471805599453,6.434546518787453
147,consumption,2,623.0,0.6931471805599453,6.434546518787453
148,powered,2,623.0,0.6931471805599453,6.434546518787453
149,car,18,1580.0,2.8903717578961645,7.365180126021013
150,cigarette,2,623.0,0.6931471805599453,6.434546518787453
151,lighter,2,623.0,0.6931471805599453,6.434546518787453
152,Mobile,2,623.0,0.6931471805599453,6.434546518787453
153,roaming,2,623.0,0.6931471805599453,6.434546518787453
154,enabled,2,623.0,0.6931471805599453,6.434546518787453
155,phased,4,1344.0,1.3862943611198906,7.203405521083095
156,array,4,1344.0,1.3862943611198906,7.203405521083095
157,maintain,2,623.0,0.6931471805599453,6.434546518787453
158,moving,6,1481.5,1.791759469228055,7.30081036701362
159,vehicleAmerican,2,623.0,0.6931471805599453,6.434546518787453
160,BroomstickYeah,2,623.0,0.6931471805599453,6.434546518787453
161,maybe,4,1344.0,1.3862943611198906,7.203405521083095
162,98old,2,623.0,0.6931471805599453,6.434546518787453
163,YouTube,2,623.0,0.6931471805599453,6.434546518787453
164,clip,2,623.0,0.6931471805599453,6.434546518787453
165,helps,2,623.0,0.6931471805599453,6.434546518787453
166,explain,2,623.0,0.6931471805599453,6.434546518787453
167,former,6,1481.5,1.791759469228055,7.30081036701362
168,UAW,4,1344.0,1.3862943611198906,7.203405521083095
169,members,2,623.0,0.6931471805599453,6.434546518787453
170,work,14,1572.5,2.6390573296152584,7.360421988574595
171,huge,4,1344.0,1.3862943611198906,7.203405521083095
172,fans,2,623.0,0.6931471805599453,6.434546518787453
173,UAWYesway,2,623.0,0.6931471805599453,6.434546518787453
174,factory,6,1481.5,1.791759469228055,7.30081036701362
175,worker,2,623.0,0.6931471805599453,6.434546518787453
176,compensation,2,623.0,0.6931471805599453,6.434546518787453
177,highest,2,623.0,0.6931471805599453,6.434546518787453
178,auto,6,1481.5,1.791759469228055,7.30081036701362
179,industryreal,2,623.0,0.6931471805599453,6.434546518787453
180,challenge,4,1344.0,1.3862943611198906,7.203405521083095
181,Bay,4,1344.0,1.3862943611198906,7.203405521083095
182,Area,4,1344.0,1.3862943611198906,7.203405521083095
183,negative,6,1481.5,1.791759469228055,7.30081036701362
184,unemployment,2,623.0,0.6931471805599453,6.434546518787453
185,dont,14,1572.5,2.6390573296152584,7.360421988574595
186,treat,2,623.0,0.6931471805599453,6.434546518787453
187,compensate,2,623.0,0.6931471805599453,6.434546518787453
188,awesome,2,623.0,0.6931471805599453,6.434546518787453
189,well,12,1563.0,2.4849066497880004,7.354362330421477
190,many,8,1533.5,2.0794415416798357,7.335307983554306
191,offers,2,623.0,0.6931471805599453,6.434546518787453
192,leave,2,623.0,0.6931471805599453,6.434546518787453
193,Id,2,623.0,0.6931471805599453,6.434546518787453
194,like,14,1572.5,2.6390573296152584,7.360421988574595
195,hereby,2,623.0,0.6931471805599453,6.434546518787453
196,invite,2,623.0,0.6931471805599453,6.434546518787453
197,hold,2,623.0,0.6931471805599453,6.434546518787453
198,union,2,623.0,0.6931471805599453,6.434546518787453
199,vote,4,1344.0,1.3862943611198906,7.203405521083095
200,convenience,2,623.0,0.6931471805599453,6.434546518787453
201,nothing,4,1344.0,1.3862943611198906,7.203405521083095
202,stopActually,2,623.0,0.6931471805599453,6.434546518787453
203,operate,2,623.0,0.6931471805599453,6.434546518787453
204,California,4,1344.0,1.3862943611198906,7.203405521083095
205,largest,2,623.0,0.6931471805599453,6.434546518787453
206,plant,2,623.0,0.6931471805599453,6.434546518787453
207,North,4,1344.0,1.3862943611198906,7.203405521083095
208,America,6,1481.5,1.791759469228055,7.30081036701362
209,full,2,623.0,0.6931471805599453,6.434546518787453
210,capacity,2,623.0,0.6931471805599453,6.434546518787453
211,considering,2,623.0,0.6931471805599453,6.434546518787453
212,expanding,2,623.0,0.6931471805599453,6.434546518787453
213,significantly,2,623.0,0.6931471805599453,6.434546518787453
214,built,4,1344.0,1.3862943611198906,7.203405521083095
215,23,6,1481.5,1.791759469228055,7.30081036701362
216,electric,4,1344.0,1.3862943611198906,7.203405521083095
217,vehicles,4,1344.0,1.3862943611198906,7.203405521083095
218,twice,2,623.0,0.6931471805599453,6.434546518787453
219,much,10,1552.5,2.302585092994046,7.347621813807634
220,carmakers,2,623.0,0.6931471805599453,6.434546518787453
221,combinedUkraine,2,623.0,0.6931471805599453,6.434546518787453
222,civilian,2,623.0,0.6931471805599453,6.434546518787453
223,Internet,2,623.0,0.6931471805599453,6.434546518787453
224,experiencing,2,623.0,0.6931471805599453,6.434546518787453
225,strange,2,623.0,0.6931471805599453,6.434546518787453
226,outages,2,623.0,0.6931471805599453,6.434546518787453
227,bad,6,1481.5,1.791759469228055,7.30081036701362
228,weather,2,623.0,0.6931471805599453,6.434546518787453
229,perhaps,2,623.0,0.6931471805599453,6.434546518787453
230,SpaceX,8,1533.5,2.0794415416798357,7.335307983554306
231,helping,2,623.0,0.6931471805599453,6.434546518787453
232,fixSolar,2,623.0,0.6931471805599453,6.434546518787453
233,area,8,1533.5,2.0794415416798357,7.335307983554306
234,higher,6,1481.5,1.791759469228055,7.30081036701362
235,obscuration,2,623.0,0.6931471805599453,6.434546518787453
236,works,2,623.0,0.6931471805599453,6.434546518787453
237,better,10,1552.5,2.302585092994046,7.347621813807634
238,one,20,1582.5,2.995732273553991,7.366761154018331
239,might,4,1344.0,1.3862943611198906,7.203405521083095
240,thinkSolar,2,623.0,0.6931471805599453,6.434546518787453
241,panels,2,623.0,0.6931471805599453,6.434546518787453
242,battery,4,1344.0,1.3862943611198906,7.203405521083095
243,pack,4,1344.0,1.3862943611198906,7.203405521083095
244,generator,2,623.0,0.6931471805599453,6.434546518787453
245,heat,4,1344.0,1.3862943611198906,7.203405521083095
246,signature,2,623.0,0.6931471805599453,6.434546518787453
247,smoke,2,623.0,0.6931471805599453,6.434546518787453
248,doesnt,6,1481.5,1.791759469228055,7.30081036701362
249,run,2,623.0,0.6931471805599453,6.434546518787453
250,fuelcouldve,2,623.0,0.6931471805599453,6.434546518787453
251,made,14,1572.5,2.6390573296152584,7.360421988574595
252,600,2,623.0,0.6931471805599453,6.434546518787453
253,mile,4,1344.0,1.3862943611198906,7.203405521083095
254,Model,10,1552.5,2.302585092994046,7.347621813807634
255,12,2,623.0,0.6931471805599453,6.434546518787453
256,months,4,1344.0,1.3862943611198906,7.203405521083095
257,ago,4,1344.0,1.3862943611198906,7.203405521083095
258,wouldve,2,623.0,0.6931471805599453,6.434546518787453
259,product,2,623.0,0.6931471805599453,6.434546518787453
260,worse,4,1344.0,1.3862943611198906,7.203405521083095
261,imo,4,1344.0,1.3862943611198906,7.203405521083095
262,999,2,623.0,0.6931471805599453,6.434546518787453
263,youd,2,623.0,0.6931471805599453,6.434546518787453
264,carrying,2,623.0,0.6931471805599453,6.434546518787453
265,unneeded,2,623.0,0.6931471805599453,6.434546518787453
266,mass,6,1481.5,1.791759469228055,7.30081036701362
267,makes,6,1481.5,1.791759469228055,7.30081036701362
268,acceleration,2,623.0,0.6931471805599453,6.434546518787453
269,handling,2,623.0,0.6931471805599453,6.434546518787453
270,efficiency,4,1344.0,1.3862943611198906,7.203405521083095
271,Even,2,623.0,0.6931471805599453,6.434546518787453
272,400,2,623.0,0.6931471805599453,6.434546518787453
273,range,2,623.0,0.6931471805599453,6.434546518787453
274,almost,6,1481.5,1.791759469228055,7.30081036701362
275,anyone,2,623.0,0.6931471805599453,6.434546518787453
276,usetweeting,2,623.0,0.6931471805599453,6.434546518787453
277,else,2,623.0,0.6931471805599453,6.434546518787453
278,snatched,2,623.0,0.6931471805599453,6.434546518787453
279,name,2,623.0,0.6931471805599453,6.434546518787453
280,actually,10,1552.5,2.302585092994046,7.347621813807634
281,earliest,2,623.0,0.6931471805599453,6.434546518787453
282,Twitter,2,623.0,0.6931471805599453,6.434546518787453
283,users,4,1344.0,1.3862943611198906,7.203405521083095
284,dropped,2,623.0,0.6931471805599453,6.434546518787453
285,account,2,623.0,0.6931471805599453,6.434546518787453
286,tweeting,2,623.0,0.6931471805599453,6.434546518787453
287,trivialities,2,623.0,0.6931471805599453,6.434546518787453
288,first,6,1481.5,1.791759469228055,7.30081036701362
289,convinced,4,1344.0,1.3862943611198906,7.203405521083095
290,get,8,1533.5,2.0794415416798357,7.335307983554306
291,backprobability,2,623.0,0.6931471805599453,6.434546518787453
292,dying,2,623.0,0.6931471805599453,6.434546518787453
293,20082009,2,623.0,0.6931471805599453,6.434546518787453
294,closed,2,623.0,0.6931471805599453,6.434546518787453
295,financing,2,623.0,0.6931471805599453,6.434546518787453
296,round,2,623.0,0.6931471805599453,6.434546518787453
297,6pm,2,623.0,0.6931471805599453,6.434546518787453
298,Dec,4,1344.0,1.3862943611198906,7.203405521083095
299,24th,2,623.0,0.6931471805599453,6.434546518787453
300,last,8,1533.5,2.0794415416798357,7.335307983554306
301,hour,4,1344.0,1.3862943611198906,7.203405521083095
302,otherwise,4,1344.0,1.3862943611198906,7.203405521083095
303,bounce,2,623.0,0.6931471805599453,6.434546518787453
304,payrollSelfdriving,2,623.0,0.6931471805599453,6.434546518787453
305,cars,14,1572.5,2.6390573296152584,7.360421988574595
306,useful,2,623.0,0.6931471805599453,6.434546518787453
307,humanoid,2,623.0,0.6931471805599453,6.434546518787453
308,robots,4,1344.0,1.3862943611198906,7.203405521083095
309,require,4,1344.0,1.3862943611198906,7.203405521083095
310,sophisticated,2,623.0,0.6931471805599453,6.434546518787453
311,understanding,4,1344.0,1.3862943611198906,7.203405521083095
312,reality,2,623.0,0.6931471805599453,6.434546518787453
313,increasingly,2,623.0,0.6931471805599453,6.434546518787453
314,path,4,1344.0,1.3862943611198906,7.203405521083095
315,solving,2,623.0,0.6931471805599453,6.434546518787453
316,AGI,6,1481.5,1.791759469228055,7.30081036701362
317,solved,2,623.0,0.6931471805599453,6.434546518787453
318,know,8,1533.5,2.0794415416798357,7.335307983554306
319,humanity,4,1344.0,1.3862943611198906,7.203405521083095
320,rapidly,4,1344.0,1.3862943611198906,7.203405521083095
321,direction,2,623.0,0.6931471805599453,6.434546518787453
322,whether,2,623.0,0.6931471805599453,6.434546518787453
323,likePretty,2,623.0,0.6931471805599453,6.434546518787453
324,good,16,1577.5,2.772588722239781,7.363596594415368
325,summary,2,623.0,0.6931471805599453,6.434546518787453
326,although,2,623.0,0.6931471805599453,6.434546518787453
327,national,4,1344.0,1.3862943611198906,7.203405521083095
328,pride,2,623.0,0.6931471805599453,6.434546518787453
329,underweighted,2,623.0,0.6931471805599453,6.434546518787453
330,relative,2,623.0,0.6931471805599453,6.434546518787453
331,economics,2,623.0,0.6931471805599453,6.434546518787453
332,Latter,2,623.0,0.6931471805599453,6.434546518787453
333,serves,4,1344.0,1.3862943611198906,7.203405521083095
334,around,6,1481.5,1.791759469228055,7.30081036701362
335,foundational,2,623.0,0.6931471805599453,6.434546518787453
336,issue,2,623.0,0.6931471805599453,6.434546518787453
337,video,2,623.0,0.6931471805599453,6.434546518787453
338,ignore,2,623.0,0.6931471805599453,6.434546518787453
339,low,2,623.0,0.6931471805599453,6.434546518787453
340,birth,8,1533.5,2.0794415416798357,7.335307983554306
341,rate,10,1552.5,2.302585092994046,7.347621813807634
342,land,2,623.0,0.6931471805599453,6.434546518787453
343,peopleSaints,2,623.0,0.6931471805599453,6.434546518787453
344,Row,2,623.0,0.6931471805599453,6.434546518787453
345,IV,2,623.0,0.6931471805599453,6.434546518787453
346,sickkkSaints,2,623.0,0.6931471805599453,6.434546518787453
347,RowWell,2,623.0,0.6931471805599453,6.434546518787453
348,multiple,2,623.0,0.6931471805599453,6.434546518787453
349,personality,2,623.0,0.6931471805599453,6.434546518787453
350,disorder,2,623.0,0.6931471805599453,6.434546518787453
351,theyre,4,1344.0,1.3862943611198906,7.203405521083095
352,technically,2,623.0,0.6931471805599453,6.434546518787453
353,headInvestigatingTesla,2,623.0,0.6931471805599453,6.434546518787453
354,created,4,1344.0,1.3862943611198906,7.203405521083095
355,50000,2,623.0,0.6931471805599453,6.434546518787453
356,US,4,1344.0,1.3862943611198906,7.203405521083095
357,jobs,2,623.0,0.6931471805599453,6.434546518787453
358,building,4,1344.0,1.3862943611198906,7.203405521083095
359,investing,2,623.0,0.6931471805599453,6.434546518787453
360,double,2,623.0,0.6931471805599453,6.434546518787453
361,GM,2,623.0,0.6931471805599453,6.434546518787453
362,Ford,2,623.0,0.6931471805599453,6.434546518787453
363,combined,2,623.0,0.6931471805599453,6.434546518787453
364,fyi,2,623.0,0.6931471805599453,6.434546518787453
365,person,4,1344.0,1.3862943611198906,7.203405521083095
366,controlling,2,623.0,0.6931471805599453,6.434546518787453
367,twitterprimary,2,623.0,0.6931471805599453,6.434546518787453
368,affordability,2,623.0,0.6931471805599453,6.434546518787453
369,Creating,2,623.0,0.6931471805599453,6.434546518787453
370,expensive,2,623.0,0.6931471805599453,6.434546518787453
371,truck,2,623.0,0.6931471805599453,6.434546518787453
372,relatively,2,623.0,0.6931471805599453,6.434546518787453
373,easy,2,623.0,0.6931471805599453,6.434546518787453
374,extremely,6,1481.5,1.791759469228055,7.30081036701362
375,hard,12,1563.0,2.4849066497880004,7.354362330421477
376,despite,2,623.0,0.6931471805599453,6.434546518787453
377,greater,4,1344.0,1.3862943611198906,7.203405521083095
378,economies,2,623.0,0.6931471805599453,6.434546518787453
379,scale,2,623.0,0.6931471805599453,6.434546518787453
380,technology,6,1481.5,1.791759469228055,7.30081036701362
381,damn,2,623.0,0.6931471805599453,6.434546518787453
382,impossible,2,623.0,0.6931471805599453,6.434546518787453
383,othersplays,2,623.0,0.6931471805599453,6.434546518787453
384,golf,2,623.0,0.6931471805599453,6.434546518787453
385,lotSaudi,2,623.0,0.6931471805599453,6.434546518787453
386,Arabia,2,623.0,0.6931471805599453,6.434546518787453
387,owns,2,623.0,0.6931471805599453,6.434546518787453
388,Lucid,2,623.0,0.6931471805599453,6.434546518787453
389,inevitablenegative,2,623.0,0.6931471805599453,6.434546518787453
390,gross,2,623.0,0.6931471805599453,6.434546518787453
391,margin,2,623.0,0.6931471805599453,6.434546518787453
392,staggeringComing,2,623.0,0.6931471805599453,6.434546518787453
393,soon,2,623.0,0.6931471805599453,6.434546518787453
394,want,4,1344.0,1.3862943611198906,7.203405521083095
395,loud,2,623.0,0.6931471805599453,6.434546518787453
396,farting,2,623.0,0.6931471805599453,6.434546518787453
397,sound,2,623.0,0.6931471805599453,6.434546518787453
398,external,2,623.0,0.6931471805599453,6.434546518787453
399,speaker,2,623.0,0.6931471805599453,6.434546518787453
400,Fart,2,623.0,0.6931471805599453,6.434546518787453
401,general,6,1481.5,1.791759469228055,7.30081036701362
402,directioncars,2,623.0,0.6931471805599453,6.434546518787453
403,since,6,1481.5,1.791759469228055,7.30081036701362
404,November,2,623.0,0.6931471805599453,6.434546518787453
405,also,8,1533.5,2.0794415416798357,7.335307983554306
406,push,2,623.0,0.6931471805599453,6.434546518787453
407,center,2,623.0,0.6931471805599453,6.434546518787453
408,horn,4,1344.0,1.3862943611198906,7.203405521083095
409,waiting,2,623.0,0.6931471805599453,6.434546518787453
410,firmware,2,623.0,0.6931471805599453,6.434546518787453
411,mash,2,623.0,0.6931471805599453,6.434546518787453
412,right,12,1563.0,2.4849066497880004,7.354362330421477
413,side,4,1344.0,1.3862943611198906,7.203405521083095
414,yoke,2,623.0,0.6931471805599453,6.434546518787453
415,palm,2,623.0,0.6931471805599453,6.434546518787453
416,triggerwar,2,623.0,0.6931471805599453,6.434546518787453
417,level,2,623.0,0.6931471805599453,6.434546518787453
418,opponent,2,623.0,0.6931471805599453,6.434546518787453
419,tactics,2,623.0,0.6931471805599453,6.434546518787453
420,matter,2,623.0,0.6931471805599453,6.434546518787453
421,sourcenotfoundSwipe,2,623.0,0.6931471805599453,6.434546518787453
422,navigate,4,1344.0,1.3862943611198906,7.203405521083095
423,button,2,623.0,0.6931471805599453,6.434546518787453
424,homeDepends,2,623.0,0.6931471805599453,6.434546518787453
425,issues,8,1533.5,2.0794415416798357,7.335307983554306
426,unique,2,623.0,0.6931471805599453,6.434546518787453
427,Canada,8,1533.5,2.0794415416798357,7.335307983554306
428,things,6,1481.5,1.791759469228055,7.30081036701362
429,looking,2,623.0,0.6931471805599453,6.434546518787453
430,lower,4,1344.0,1.3862943611198906,7.203405521083095
431,safety,4,1344.0,1.3862943611198906,7.203405521083095
432,score,2,623.0,0.6931471805599453,6.434546518787453
433,thresholdwelcomeStarlink,2,623.0,0.6931471805599453,6.434546518787453
434,service,2,623.0,0.6931471805599453,6.434546518787453
435,active,4,1344.0,1.3862943611198906,7.203405521083095
436,en,2,623.0,0.6931471805599453,6.434546518787453
437,routeGood,2,623.0,0.6931471805599453,6.434546518787453
438,threadYesWould,2,623.0,0.6931471805599453,6.434546518787453
439,move,4,1344.0,1.3862943611198906,7.203405521083095
440,Needs,2,623.0,0.6931471805599453,6.434546518787453
441,include,2,623.0,0.6931471805599453,6.434546518787453
442,put,4,1344.0,1.3862943611198906,7.203405521083095
443,options,2,623.0,0.6931471805599453,6.434546518787453
444,synthetic,2,623.0,0.6931471805599453,6.434546518787453
445,shortsSuccessful,2,623.0,0.6931471805599453,6.434546518787453
446,deployWeve,2,623.0,0.6931471805599453,6.434546518787453
447,60,4,1344.0,1.3862943611198906,7.203405521083095
448,testing,4,1344.0,1.3862943611198906,7.203405521083095
449,internally,2,623.0,0.6931471805599453,6.434546518787453
450,Hoping,2,623.0,0.6931471805599453,6.434546518787453
451,go,6,1481.5,1.791759469228055,7.30081036701362
452,wider,2,623.0,0.6931471805599453,6.434546518787453
453,weekendStarlink,2,623.0,0.6931471805599453,6.434546518787453
454,little,2,623.0,0.6931471805599453,6.434546518787453
455,patchy,2,623.0,0.6931471805599453,6.434546518787453
456,Tonga,6,1481.5,1.791759469228055,7.30081036701362
457,improve,2,623.0,0.6931471805599453,6.434546518787453
458,dramatically,4,1344.0,1.3862943611198906,7.203405521083095
459,laser,4,1344.0,1.3862943611198906,7.203405521083095
460,intersatellite,2,623.0,0.6931471805599453,6.434546518787453
461,links,6,1481.5,1.791759469228055,7.30081036701362
462,activateYesLIDAR,2,623.0,0.6931471805599453,6.434546518787453
463,seductive,2,623.0,0.6931471805599453,6.434546518787453
464,local,2,623.0,0.6931471805599453,6.434546518787453
465,maximum,2,623.0,0.6931471805599453,6.434546518787453
466,designed,6,1481.5,1.791759469228055,7.30081036701362
467,dock,2,623.0,0.6931471805599453,6.434546518787453
468,ISS,2,623.0,0.6931471805599453,6.434546518787453
469,However,2,623.0,0.6931471805599453,6.434546518787453
470,road,6,1481.5,1.791759469228055,7.30081036701362
471,biological,2,623.0,0.6931471805599453,6.434546518787453
472,neural,6,1481.5,1.791759469228055,7.30081036701362
473,nets,6,1481.5,1.791759469228055,7.30081036701362
474,eyes,4,1344.0,1.3862943611198906,7.203405521083095
475,solution,4,1344.0,1.3862943611198906,7.203405521083095
476,selfdriving,4,1344.0,1.3862943611198906,7.203405521083095
477,necessarily,2,623.0,0.6931471805599453,6.434546518787453
478,silicon,2,623.0,0.6931471805599453,6.434546518787453
479,cameras,4,1344.0,1.3862943611198906,7.203405521083095
480,Realworld,2,623.0,0.6931471805599453,6.434546518787453
481,AIProtagonists,2,623.0,0.6931471805599453,6.434546518787453
482,half,4,1344.0,1.3862943611198906,7.203405521083095
483,century,2,623.0,0.6931471805599453,6.434546518787453
484,countSignal,2,623.0,0.6931471805599453,6.434546518787453
485,least,4,1344.0,1.3862943611198906,7.203405521083095
486,insecure,2,623.0,0.6931471805599453,6.434546518787453
487,messaging,2,623.0,0.6931471805599453,6.434546518787453
488,serviceHollywood,2,623.0,0.6931471805599453,6.434546518787453
489,refuses,2,623.0,0.6931471805599453,6.434546518787453
490,write,2,623.0,0.6931471805599453,6.434546518787453
491,even,6,1481.5,1.791759469228055,7.30081036701362
492,story,4,1344.0,1.3862943611198906,7.203405521083095
493,company,8,1533.5,2.0794415416798357,7.335307983554306
494,startup,2,623.0,0.6931471805599453,6.434546518787453
495,CEO,2,623.0,0.6931471805599453,6.434546518787453
496,isnt,8,1533.5,2.0794415416798357,7.335307983554306
497,dweeb,2,623.0,0.6931471805599453,6.434546518787453
498,andor,4,1344.0,1.3862943611198906,7.203405521083095
499,eviliMessage,2,623.0,0.6931471805599453,6.434546518787453
500,SignalActual,2,623.0,0.6931471805599453,6.434546518787453
501,question,6,1481.5,1.791759469228055,7.30081036701362
502,rhetoricalsure,2,623.0,0.6931471805599453,6.434546518787453
503,Signal,2,623.0,0.6931471805599453,6.434546518787453
504,securedidnt,2,623.0,0.6931471805599453,6.434546518787453
505,start,2,623.0,0.6931471805599453,6.434546518787453
506,fight,4,1344.0,1.3862943611198906,7.203405521083095
507,finishBuilding,2,623.0,0.6931471805599453,6.434546518787453
508,case,10,1552.5,2.302585092994046,7.347621813807634
509,exactly,2,623.0,0.6931471805599453,6.434546518787453
510,IveExactlyWould,2,623.0,0.6931471805599453,6.434546518787453
511,cool,2,623.0,0.6931471805599453,6.434546518787453
512,backed,2,623.0,0.6931471805599453,6.434546518787453
513,somehowYeahYeah,2,623.0,0.6931471805599453,6.434546518787453
514,definitely,4,1344.0,1.3862943611198906,7.203405521083095
515,C,8,1533.5,2.0794415416798357,7.335307983554306
516,optimizing,2,623.0,0.6931471805599453,6.434546518787453
517,hardware,8,1533.5,2.0794415416798357,7.335307983554306
518,performanceIm,2,623.0,0.6931471805599453,6.434546518787453
519,fan,4,1344.0,1.3862943611198906,7.203405521083095
520,Rust,2,623.0,0.6931471805599453,6.434546518787453
521,Clearly,2,623.0,0.6931471805599453,6.434546518787453
522,scales,2,623.0,0.6931471805599453,6.434546518787453
523,given,8,1533.5,2.0794415416798357,7.335307983554306
524,Discord,2,623.0,0.6931471805599453,6.434546518787453
525,uses,2,623.0,0.6931471805599453,6.434546518787453
526,max,4,1344.0,1.3862943611198906,7.203405521083095
527,performance,4,1344.0,1.3862943611198906,7.203405521083095
528,however,2,623.0,0.6931471805599453,6.434546518787453
529,beats,2,623.0,0.6931471805599453,6.434546518787453
530,tight,2,623.0,0.6931471805599453,6.434546518787453
531,customized,2,623.0,0.6931471805599453,6.434546518787453
532,compiler,4,1344.0,1.3862943611198906,7.203405521083095
533,specialized,2,623.0,0.6931471805599453,6.434546518787453
534,Important,2,623.0,0.6931471805599453,6.434546518787453
535,frame,2,623.0,0.6931471805599453,6.434546518787453
536,vehicle,4,1344.0,1.3862943611198906,7.203405521083095
537,inference,6,1481.5,1.791759469228055,7.30081036701362
538,computer,4,1344.0,1.3862943611198906,7.203405521083095
539,Otherwise,2,623.0,0.6931471805599453,6.434546518787453
540,mostly,4,1344.0,1.3862943611198906,7.203405521083095
541,Pythontempting,2,623.0,0.6931471805599453,6.434546518787453
542,focus,2,623.0,0.6931471805599453,6.434546518787453
543,arenas,4,1344.0,1.3862943611198906,7.203405521083095
544,fact,2,623.0,0.6931471805599453,6.434546518787453
545,difficult,6,1481.5,1.791759469228055,7.30081036701362
546,important,4,1344.0,1.3862943611198906,7.203405521083095
547,Tight,2,623.0,0.6931471805599453,6.434546518787453
548,custom,2,623.0,0.6931471805599453,6.434546518787453
549,optimized,2,623.0,0.6931471805599453,6.434546518787453
550,reliability,2,623.0,0.6931471805599453,6.434546518787453
551,long,10,1552.5,2.302585092994046,7.347621813807634
552,life,14,1572.5,2.6390573296152584,7.360421988574595
553,critical,4,1344.0,1.3862943611198906,7.203405521083095
554,Cant,2,623.0,0.6931471805599453,6.434546518787453
555,jam,2,623.0,0.6931471805599453,6.434546518787453
556,GPUs,2,623.0,0.6931471805599453,6.434546518787453
557,trunkDefinitelygeneral,2,623.0,0.6931471805599453,6.434546518787453
558,essentially,2,623.0,0.6931471805599453,6.434546518787453
559,realworld,2,623.0,0.6931471805599453,6.434546518787453
560,AI,6,1481.5,1.791759469228055,7.30081036701362
561,requires,4,1344.0,1.3862943611198906,7.203405521083095
562,writing,4,1344.0,1.3862943611198906,7.203405521083095
563,training,2,623.0,0.6931471805599453,6.434546518787453
564,control,4,1344.0,1.3862943611198906,7.203405521083095
565,analytical,2,623.0,0.6931471805599453,6.434546518787453
566,tools,2,623.0,0.6931471805599453,6.434546518787453
567,data,2,623.0,0.6931471805599453,6.434546518787453
568,management,2,623.0,0.6931471805599453,6.434546518787453
569,optimization,2,623.0,0.6931471805599453,6.434546518787453
570,simulation,2,623.0,0.6931471805599453,6.434546518787453
571,One,2,623.0,0.6931471805599453,6.434546518787453
572,hardest,2,623.0,0.6931471805599453,6.434546518787453
573,problems,2,623.0,0.6931471805599453,6.434546518787453
574,existsCompilers,2,623.0,0.6931471805599453,6.434546518787453
575,enough,12,1563.0,2.4849066497880004,7.354362330421477
576,effort,2,623.0,0.6931471805599453,6.434546518787453
577,spentSorryworking,2,623.0,0.6931471805599453,6.434546518787453
578,making,4,1344.0,1.3862943611198906,7.203405521083095
579,Steam,2,623.0,0.6931471805599453,6.434546518787453
580,games,2,623.0,0.6931471805599453,6.434546518787453
581,vs,4,1344.0,1.3862943611198906,7.203405521083095
582,specific,2,623.0,0.6931471805599453,6.434546518787453
583,titles,2,623.0,0.6931471805599453,6.434546518787453
584,Former,2,623.0,0.6931471805599453,6.434546518787453
585,obviously,2,623.0,0.6931471805599453,6.434546518787453
586,longtermYes,2,623.0,0.6931471805599453,6.434546518787453
587,advantage,2,623.0,0.6931471805599453,6.434546518787453
588,iron,4,1344.0,1.3862943611198906,7.203405521083095
589,cathode,4,1344.0,1.3862943611198906,7.203405521083095
590,lithium,4,1344.0,1.3862943611198906,7.203405521083095
591,batteriesNight,2,623.0,0.6931471805599453,6.434546518787453
592,City,2,623.0,0.6931471805599453,6.434546518787453
593,beautiful,2,623.0,0.6931471805599453,6.434546518787453
594,artGreat,2,623.0,0.6931471805599453,6.434546518787453
595,game69,2,623.0,0.6931471805599453,6.434546518787453
596,statistics,2,623.0,0.6931471805599453,6.434546518787453
597,falseNorway,2,623.0,0.6931471805599453,6.434546518787453
598,awesomeSmall,2,623.0,0.6931471805599453,6.434546518787453
599,changes,10,1552.5,2.302585092994046,7.347621813807634
600,usually,2,623.0,0.6931471805599453,6.434546518787453
601,production,12,1563.0,2.4849066497880004,7.354362330421477
602,less,6,1481.5,1.791759469228055,7.30081036701362
603,applied,2,623.0,0.6931471805599453,6.434546518787453
604,stations,4,1344.0,1.3862943611198906,7.203405521083095
605,breaks,2,623.0,0.6931471805599453,6.434546518787453
606,Big,2,623.0,0.6931471805599453,6.434546518787453
607,may,6,1481.5,1.791759469228055,7.30081036701362
608,impact,4,1344.0,1.3862943611198906,7.203405521083095
609,two,2,623.0,0.6931471805599453,6.434546518787453
610,Reversing,2,623.0,0.6931471805599453,6.434546518787453
611,big,6,1481.5,1.791759469228055,7.30081036701362
612,unexpected,2,623.0,0.6931471805599453,6.434546518787453
613,shortages,2,623.0,0.6931471805599453,6.434546518787453
614,daysSometimes,2,623.0,0.6931471805599453,6.434546518787453
615,20,2,623.0,0.6931471805599453,6.434546518787453
616,small,2,623.0,0.6931471805599453,6.434546518787453
617,single,6,1481.5,1.791759469228055,7.30081036701362
618,weekSwitching,2,623.0,0.6931471805599453,6.434546518787453
619,renewables,2,623.0,0.6931471805599453,6.434546518787453
620,batteries,2,623.0,0.6931471805599453,6.434546518787453
621,blackouts,2,623.0,0.6931471805599453,6.434546518787453
622,Batteries,2,623.0,0.6931471805599453,6.434546518787453
623,essential,4,1344.0,1.3862943611198906,7.203405521083095
624,due,4,1344.0,1.3862943611198906,7.203405521083095
625,intermittent,2,623.0,0.6931471805599453,6.434546518787453
626,nature,2,623.0,0.6931471805599453,6.434546518787453
627,renewablesmust,2,623.0,0.6931471805599453,6.434546518787453
628,betterpeeling,2,623.0,0.6931471805599453,6.434546518787453
629,back,4,1344.0,1.3862943611198906,7.203405521083095
630,layer,2,623.0,0.6931471805599453,6.434546518787453
631,corruption,2,623.0,0.6931471805599453,6.434546518787453
632,onion,2,623.0,0.6931471805599453,6.434546518787453
633,Stay,2,623.0,0.6931471805599453,6.434546518787453
634,tunedmany,2,623.0,0.6931471805599453,6.434546518787453
635,come,2,623.0,0.6931471805599453,6.434546518787453
636,AmericaBeautifulYesV11TuesdayYeahtau,2,623.0,0.6931471805599453,6.434546518787453
637,gt,4,1344.0,1.3862943611198906,7.203405521083095
638,piℏEarth,2,623.0,0.6931471805599453,6.434546518787453
639,yearstaking,2,623.0,0.6931471805599453,6.434546518787453
640,longer,2,623.0,0.6931471805599453,6.434546518787453
641,expected,2,623.0,0.6931471805599453,6.434546518787453
642,upper,2,623.0,0.6931471805599453,6.434546518787453
643,stage,2,623.0,0.6931471805599453,6.434546518787453
644,expendable,2,623.0,0.6931471805599453,6.434546518787453
645,sighInstead,2,623.0,0.6931471805599453,6.434546518787453
646,research,2,623.0,0.6931471805599453,6.434546518787453
647,suggests,2,623.0,0.6931471805599453,6.434546518787453
648,suggest,2,623.0,0.6931471805599453,6.434546518787453
649,warlocks,2,623.0,0.6931471805599453,6.434546518787453
650,sayriverNight,2,623.0,0.6931471805599453,6.434546518787453
651,horror,2,623.0,0.6931471805599453,6.434546518787453
652,movie,2,623.0,0.6931471805599453,6.434546518787453
653,resonateEntertainment,2,623.0,0.6931471805599453,6.434546518787453
654,becoming,4,1344.0,1.3862943611198906,7.203405521083095
655,usernamepassword2FA,2,623.0,0.6931471805599453,6.434546518787453
656,nightmareSounds,2,623.0,0.6931471805599453,6.434546518787453
657,send,6,1481.5,1.791759469228055,7.30081036701362
658,onewould,2,623.0,0.6931471805599453,6.434546518787453
659,greatMaybe,2,623.0,0.6931471805599453,6.434546518787453
660,BRO,2,623.0,0.6931471805599453,6.434546518787453
661,airport,2,623.0,0.6931471805599453,6.434546518787453
662,communitiesSouth,2,623.0,0.6931471805599453,6.434546518787453
663,Padre,2,623.0,0.6931471805599453,6.434546518787453
664,Brownsville,2,623.0,0.6931471805599453,6.434546518787453
665,prototype,4,1344.0,1.3862943611198906,7.203405521083095
666,oneIm,4,1344.0,1.3862943611198906,7.203405521083095
667,pretty,2,623.0,0.6931471805599453,6.434546518787453
668,sure,2,623.0,0.6931471805599453,6.434546518787453
669,Ive,2,623.0,0.6931471805599453,6.434546518787453
670,paid,6,1481.5,1.791759469228055,7.30081036701362
671,taxes,4,1344.0,1.3862943611198906,7.203405521083095
672,individual,4,1344.0,1.3862943611198906,7.203405521083095
673,ever,8,1533.5,2.0794415416798357,7.335307983554306
674,obvious,2,623.0,0.6931471805599453,6.434546518787453
675,done,2,623.0,0.6931471805599453,6.434546518787453
676,moneyRather,2,623.0,0.6931471805599453,6.434546518787453
677,correcting,2,623.0,0.6931471805599453,6.434546518787453
678,trend,4,1344.0,1.3862943611198906,7.203405521083095
679,appears,2,623.0,0.6931471805599453,6.434546518787453
680,acceleratingTesla,2,623.0,0.6931471805599453,6.434546518787453
681,owners,4,1344.0,1.3862943611198906,7.203405521083095
682,Giga,4,1344.0,1.3862943611198906,7.203405521083095
683,Texas,6,1481.5,1.791759469228055,7.30081036701362
684,priority,4,1344.0,1.3862943611198906,7.203405521083095
685,yesSingle,2,623.0,0.6931471805599453,6.434546518787453
686,biggest,2,623.0,0.6931471805599453,6.434546518787453
687,threat,2,623.0,0.6931471805599453,6.434546518787453
688,future,6,1481.5,1.791759469228055,7.30081036701362
689,civilization,4,1344.0,1.3862943611198906,7.203405521083095
690,imoOkfinereason,2,623.0,0.6931471805599453,6.434546518787453
691,didnt,2,623.0,0.6931471805599453,6.434546518787453
692,pay,4,1344.0,1.3862943611198906,7.203405521083095
693,federal,2,623.0,0.6931471805599453,6.434546518787453
694,tax,6,1481.5,1.791759469228055,7.30081036701362
695,2018,2,623.0,0.6931471805599453,6.434546518787453
696,overpaid,2,623.0,0.6931471805599453,6.434546518787453
697,2017,2,623.0,0.6931471805599453,6.434546518787453
698,Since,2,623.0,0.6931471805599453,6.434546518787453
699,stole,2,623.0,0.6931471805599453,6.434546518787453
700,records,2,623.0,0.6931471805599453,6.434546518787453
701,knowHypocritical,2,623.0,0.6931471805599453,6.434546518787453
702,megadouchevisit,2,623.0,0.6931471805599453,6.434546518787453
703,IRS,2,623.0,0.6931471805599453,6.434546518787453
704,next,12,1563.0,2.4849066497880004,7.354362330421477
705,Im,4,1344.0,1.3862943611198906,7.203405521083095
706,DC,2,623.0,0.6931471805599453,6.434546518787453
707,hi,2,623.0,0.6931471805599453,6.434546518787453
708,history,2,623.0,0.6931471805599453,6.434546518787453
709,year,8,1533.5,2.0794415416798357,7.335307983554306
710,Maybe,6,1481.5,1.791759469228055,7.30081036701362
711,cookie,2,623.0,0.6931471805599453,6.434546518787453
712,somethingTrueSeriously,2,623.0,0.6931471805599453,6.434546518787453
713,must,2,623.0,0.6931471805599453,6.434546518787453
714,goDepends,2,623.0,0.6931471805599453,6.434546518787453
715,FAA,2,623.0,0.6931471805599453,6.434546518787453
716,certification,2,623.0,0.6931471805599453,6.434546518787453
717,hopefully,2,623.0,0.6931471805599453,6.434546518787453
718,within,2,623.0,0.6931471805599453,6.434546518787453
719,6,2,623.0,0.6931471805599453,6.434546518787453
720,Gulfstreams,2,623.0,0.6931471805599453,6.434546518787453
721,debug,2,623.0,0.6931471805599453,6.434546518787453
722,deployment,2,623.0,0.6931471805599453,6.434546518787453
723,commercial,2,623.0,0.6931471805599453,6.434546518787453
724,airlinersCybertruckYes,2,623.0,0.6931471805599453,6.434546518787453
725,airProbablythink,2,623.0,0.6931471805599453,6.434546518787453
726,reach,4,1344.0,1.3862943611198906,7.203405521083095
727,2Im,2,623.0,0.6931471805599453,6.434546518787453
728,dropping,4,1344.0,1.3862943611198906,7.203405521083095
729,new,6,1481.5,1.791759469228055,7.30081036701362
730,albumtalented,2,623.0,0.6931471805599453,6.434546518787453
731,teamteamhumanitywish,2,623.0,0.6931471805599453,6.434546518787453
732,could,6,1481.5,1.791759469228055,7.30081036701362
733,help,2,623.0,0.6931471805599453,6.434546518787453
734,point,2,623.0,0.6931471805599453,6.434546518787453
735,seems,2,623.0,0.6931471805599453,6.434546518787453
736,voting,4,1344.0,1.3862943611198906,7.203405521083095
737,election,2,623.0,0.6931471805599453,6.434546518787453
738,remedyActually,2,623.0,0.6931471805599453,6.434546518787453
739,April,2,623.0,0.6931471805599453,6.434546518787453
740,7thSpaceXs,2,623.0,0.6931471805599453,6.434546518787453
741,goal,4,1344.0,1.3862943611198906,7.203405521083095
742,multiplanetary,4,1344.0,1.3862943611198906,7.203405521083095
743,whereas,2,623.0,0.6931471805599453,6.434546518787453
744,handful,2,623.0,0.6931471805599453,6.434546518787453
745,satellites,6,1481.5,1.791759469228055,7.30081036701362
746,orbiteven,2,623.0,0.6931471805599453,6.434546518787453
747,tryingYesYesApril,2,623.0,0.6931471805599453,6.434546518787453
748,1stcourse,2,623.0,0.6931471805599453,6.434546518787453
749,Ðogefuturistic,2,623.0,0.6931471805599453,6.434546518787453
750,diner,2,623.0,0.6931471805599453,6.434546518787453
751,drivein,2,623.0,0.6931471805599453,6.434546518787453
752,theater,2,623.0,0.6931471805599453,6.434546518787453
753,planned,2,623.0,0.6931471805599453,6.434546518787453
754,Hollywood,2,623.0,0.6931471805599453,6.434546518787453
755,areaIndeedLucky,2,623.0,0.6931471805599453,6.434546518787453
756,bastardsmobile,2,623.0,0.6931471805599453,6.434546518787453
757,cell,4,1344.0,1.3862943611198906,7.203405521083095
758,colonyamazing,2,623.0,0.6931471805599453,6.434546518787453
759,decompress,2,623.0,0.6931471805599453,6.434546518787453
760,30,2,623.0,0.6931471805599453,6.434546518787453
761,trillion,4,1344.0,1.3862943611198906,7.203405521083095
762,cellsAbsolutelyPretty,2,623.0,0.6931471805599453,6.434546518787453
763,muchPlaid,2,623.0,0.6931471805599453,6.434546518787453
764,X,12,1563.0,2.4849066497880004,7.354362330421477
765,sublimeProduct,2,623.0,0.6931471805599453,6.434546518787453
766,Marketingevolutionary,2,623.0,0.6931471805599453,6.434546518787453
767,asymmetry,2,623.0,0.6931471805599453,6.434546518787453
768,helpful,2,623.0,0.6931471805599453,6.434546518787453
769,survival,4,1344.0,1.3862943611198906,7.203405521083095
770,counterproductive,2,623.0,0.6931471805599453,6.434546518787453
771,stakeReasons,2,623.0,0.6931471805599453,6.434546518787453
772,hate,2,623.0,0.6931471805599453,6.434546518787453
773,remembered,2,623.0,0.6931471805599453,6.434546518787453
774,reasons,4,1344.0,1.3862943611198906,7.203405521083095
775,loveindepth,2,623.0,0.6931471805599453,6.434546518787453
776,explanation,2,623.0,0.6931471805599453,6.434546518787453
777,readHigh,2,623.0,0.6931471805599453,6.434546518787453
778,pain,2,623.0,0.6931471805599453,6.434546518787453
779,thresholdModel,2,623.0,0.6931471805599453,6.434546518787453
780,3,2,623.0,0.6931471805599453,6.434546518787453
781,literally,2,623.0,0.6931471805599453,6.434546518787453
782,course,2,623.0,0.6931471805599453,6.434546518787453
783,Americalunch,2,623.0,0.6931471805599453,6.434546518787453
784,Munger,2,623.0,0.6931471805599453,6.434546518787453
785,2009,2,623.0,0.6931471805599453,6.434546518787453
786,whole,4,1344.0,1.3862943611198906,7.203405521083095
787,table,2,623.0,0.6931471805599453,6.434546518787453
788,ways,4,1344.0,1.3862943611198906,7.203405521083095
789,fail,2,623.0,0.6931471805599453,6.434546518787453
790,Made,2,623.0,0.6931471805599453,6.434546518787453
791,quite,2,623.0,0.6931471805599453,6.434546518787453
792,sad,4,1344.0,1.3862943611198906,7.203405521083095
793,agreed,2,623.0,0.6931471805599453,6.434546518787453
794,probably,6,1481.5,1.791759469228055,7.30081036701362
795,die,6,1481.5,1.791759469228055,7.30081036701362
796,worth,4,1344.0,1.3862943611198906,7.203405521083095
797,trying,4,1344.0,1.3862943611198906,7.203405521083095
798,anywaycarmakers,2,623.0,0.6931471805599453,6.434546518787453
799,hardahemOkwayAgreed,2,623.0,0.6931471805599453,6.434546518787453
800,broken,2,623.0,0.6931471805599453,6.434546518787453
801,timereal,2,623.0,0.6931471805599453,6.434546518787453
802,lifetimeStarship,2,623.0,0.6931471805599453,6.434546518787453
803,Mars,2,623.0,0.6931471805599453,6.434546518787453
804,simulationElection,2,623.0,0.6931471805599453,6.434546518787453
805,interestingAnnouncements,2,623.0,0.6931471805599453,6.434546518787453
806,coming,2,623.0,0.6931471805599453,6.434546518787453
807,soonYes,2,623.0,0.6931471805599453,6.434546518787453
808,ground,2,623.0,0.6931471805599453,6.434546518787453
809,improved,2,623.0,0.6931471805599453,6.434546518787453
810,packet,2,623.0,0.6931471805599453,6.434546518787453
811,routing,2,623.0,0.6931471805599453,6.434546518787453
812,bigger,2,623.0,0.6931471805599453,6.434546518787453
813,differenceSystem,2,623.0,0.6931471805599453,6.434546518787453
814,Australia,2,623.0,0.6931471805599453,6.434546518787453
815,New,4,1344.0,1.3862943611198906,7.203405521083095
816,Zealand250k,2,623.0,0.6931471805599453,6.434546518787453
817,terminalsDestacking,2,623.0,0.6931471805599453,6.434546518787453
818,StarshipWow,2,623.0,0.6931471805599453,6.434546518787453
819,thats,4,1344.0,1.3862943611198906,7.203405521083095
820,lot,12,1563.0,2.4849066497880004,7.354362330421477
821,podcasts,4,1344.0,1.3862943611198906,7.203405521083095
822,Ok,2,623.0,0.6931471805599453,6.434546518787453
823,combine,2,623.0,0.6931471805599453,6.434546518787453
824,Dave,2,623.0,0.6931471805599453,6.434546518787453
825,Lee,2,623.0,0.6931471805599453,6.434546518787453
826,othersTim,2,623.0,0.6931471805599453,6.434546518787453
827,greatGreatmany,2,623.0,0.6931471805599453,6.434546518787453
828,layers,2,623.0,0.6931471805599453,6.434546518787453
829,FSD,14,1572.5,2.6390573296152584,7.360421988574595
830,AIpledge,2,623.0,0.6931471805599453,6.434546518787453
831,matterMoving,2,623.0,0.6931471805599453,6.434546518787453
832,33,2,623.0,0.6931471805599453,6.434546518787453
833,engines,4,1344.0,1.3862943611198906,7.203405521083095
834,boosterAncient,2,623.0,0.6931471805599453,6.434546518787453
835,timesfun,2,623.0,0.6931471805599453,6.434546518787453
836,police,2,623.0,0.6931471805599453,6.434546518787453
837,us,6,1481.5,1.791759469228055,7.30081036701362
838,sighTesla,2,623.0,0.6931471805599453,6.434546518787453
839,trilly,2,623.0,0.6931471805599453,6.434546518787453
840,willyYup,2,623.0,0.6931471805599453,6.434546518787453
841,needHigh,2,623.0,0.6931471805599453,6.434546518787453
842,standardtough,2,623.0,0.6931471805599453,6.434546518787453
843,structural,2,623.0,0.6931471805599453,6.434546518787453
844,nextlevel,2,623.0,0.6931471805599453,6.434546518787453
845,thoughHappy,2,623.0,0.6931471805599453,6.434546518787453
846,birthday,2,623.0,0.6931471805599453,6.434546518787453
847,Jaredduty,2,623.0,0.6931471805599453,6.434546518787453
848,leader,2,623.0,0.6931471805599453,6.434546518787453
849,serveCar,2,623.0,0.6931471805599453,6.434546518787453
850,reverse,2,623.0,0.6931471805599453,6.434546518787453
851,slightly,4,1344.0,1.3862943611198906,7.203405521083095
852,peeks,2,623.0,0.6931471805599453,6.434546518787453
853,intersection,2,623.0,0.6931471805599453,6.434546518787453
854,sees,2,623.0,0.6931471805599453,6.434546518787453
855,fastmoving,2,623.0,0.6931471805599453,6.434546518787453
856,crosstraffic,2,623.0,0.6931471805599453,6.434546518787453
857,wouldExactlyTrueProbably,2,623.0,0.6931471805599453,6.434546518787453
858,250,2,623.0,0.6931471805599453,6.434546518787453
859,tF,2,623.0,0.6931471805599453,6.434546518787453
860,end,6,1481.5,1.791759469228055,7.30081036701362
861,yearLater,2,623.0,0.6931471805599453,6.434546518787453
862,remaining,2,623.0,0.6931471805599453,6.434546518787453
863,fussy,2,623.0,0.6931471805599453,6.434546518787453
864,bits,2,623.0,0.6931471805599453,6.434546518787453
865,gone,2,623.0,0.6931471805599453,6.434546518787453
866,allowing,2,623.0,0.6931471805599453,6.434546518787453
867,deletion,2,623.0,0.6931471805599453,6.434546518787453
868,shroudTrue,2,623.0,0.6931471805599453,6.434546518787453
869,debt,2,623.0,0.6931471805599453,6.434546518787453
870,including,2,623.0,0.6931471805599453,6.434546518787453
871,unfunded,2,623.0,0.6931471805599453,6.434546518787453
872,entitlements,2,623.0,0.6931471805599453,6.434546518787453
873,roughly,2,623.0,0.6931471805599453,6.434546518787453
874,three,4,1344.0,1.3862943611198906,7.203405521083095
875,size,2,623.0,0.6931471805599453,6.434546518787453
876,entire,2,623.0,0.6931471805599453,6.434546518787453
877,economy,4,1344.0,1.3862943611198906,7.203405521083095
878,Something,2,623.0,0.6931471805599453,6.434546518787453
879,got,4,1344.0,1.3862943611198906,7.203405521083095
880,giveLooming,2,623.0,0.6931471805599453,6.434546518787453
881,disaster,2,623.0,0.6931471805599453,6.434546518787453
882,sureGood,2,623.0,0.6931471805599453,6.434546518787453
883,questionHuman,2,623.0,0.6931471805599453,6.434546518787453
884,scaleTower,2,623.0,0.6931471805599453,6.434546518787453
885,arms,2,623.0,0.6931471805599453,6.434546518787453
886,lifting,2,623.0,0.6931471805599453,6.434546518787453
887,onto,2,623.0,0.6931471805599453,6.434546518787453
888,Super,2,623.0,0.6931471805599453,6.434546518787453
889,Heavy,2,623.0,0.6931471805599453,6.434546518787453
890,Boosterwould,2,623.0,0.6931471805599453,6.434546518787453
891,generate,2,623.0,0.6931471805599453,6.434546518787453
892,goodwillMuch,2,623.0,0.6931471805599453,6.434546518787453
893,appreciatedModel,2,623.0,0.6931471805599453,6.434546518787453
894,build,4,1344.0,1.3862943611198906,7.203405521083095
895,complex,2,623.0,0.6931471805599453,6.434546518787453
896,passenger,2,623.0,0.6931471805599453,6.434546518787453
897,Limiting,2,623.0,0.6931471805599453,6.434546518787453
898,factor,2,623.0,0.6931471805599453,6.434546518787453
899,interior,2,623.0,0.6931471805599453,6.434546518787453
900,trimdropped,2,623.0,0.6931471805599453,6.434546518787453
901,ball,2,623.0,0.6931471805599453,6.434546518787453
902,badly,2,623.0,0.6931471805599453,6.434546518787453
903,regarding,2,623.0,0.6931471805599453,6.434546518787453
904,ramp,2,623.0,0.6931471805599453,6.434546518787453
905,havent,2,623.0,0.6931471805599453,6.434546518787453
906,fully,4,1344.0,1.3862943611198906,7.203405521083095
907,recovered,2,623.0,0.6931471805599453,6.434546518787453
908,idiotic,2,623.0,0.6931471805599453,6.434546518787453
909,stop,2,623.0,0.6931471805599453,6.434546518787453
910,old,4,1344.0,1.3862943611198906,7.203405521083095
911,2020,4,1344.0,1.3862943611198906,7.203405521083095
912,plenty,2,623.0,0.6931471805599453,6.434546518787453
913,demandPretty,2,623.0,0.6931471805599453,6.434546518787453
914,muchThanks,2,623.0,0.6931471805599453,6.434546518787453
915,differenceTeslaYupnews,2,623.0,0.6931471805599453,6.434546518787453
916,outlets,4,1344.0,1.3862943611198906,7.203405521083095
917,attempt,2,623.0,0.6931471805599453,6.434546518787453
918,answer,2,623.0,0.6931471805599453,6.434546518787453
919,worst,2,623.0,0.6931471805599453,6.434546518787453
920,happening,4,1344.0,1.3862943611198906,7.203405521083095
921,Earth,8,1533.5,2.0794415416798357,7.335307983554306
922,today,2,623.0,0.6931471805599453,6.434546518787453
923,planet,2,623.0,0.6931471805599453,6.434546518787453
924,Obviously,2,623.0,0.6931471805599453,6.434546518787453
925,somewhere,2,623.0,0.6931471805599453,6.434546518787453
926,focusing,2,623.0,0.6931471805599453,6.434546518787453
927,relentlessly,2,623.0,0.6931471805599453,6.434546518787453
928,give,2,623.0,0.6931471805599453,6.434546518787453
929,accurate,2,623.0,0.6931471805599453,6.434546518787453
930,picture,2,623.0,0.6931471805599453,6.434546518787453
931,realityhard,2,623.0,0.6931471805599453,6.434546518787453
932,going,4,1344.0,1.3862943611198906,7.203405521083095
933,world,6,1481.5,1.791759469228055,7.30081036701362
934,without,2,623.0,0.6931471805599453,6.434546518787453
935,bombarded,2,623.0,0.6931471805599453,6.434546518787453
936,angryTrue,2,623.0,0.6931471805599453,6.434546518787453
937,careless,2,623.0,0.6931471805599453,6.434546518787453
938,negativity,2,623.0,0.6931471805599453,6.434546518787453
939,destruction,2,623.0,0.6931471805599453,6.434546518787453
940,harder,2,623.0,0.6931471805599453,6.434546518787453
941,thoughtful,2,623.0,0.6931471805599453,6.434546518787453
942,positivity,2,623.0,0.6931471805599453,6.434546518787453
943,creationSadly,2,623.0,0.6931471805599453,6.434546518787453
944,trueThats,2,623.0,0.6931471805599453,6.434546518787453
945,true,4,1344.0,1.3862943611198906,7.203405521083095
946,degree,2,623.0,0.6931471805599453,6.434546518787453
947,citizen,2,623.0,0.6931471805599453,6.434546518787453
948,arent,2,623.0,0.6931471805599453,6.434546518787453
949,Rogan,2,623.0,0.6931471805599453,6.434546518787453
950,Fridman,2,623.0,0.6931471805599453,6.434546518787453
951,Dodd,2,623.0,0.6931471805599453,6.434546518787453
952,TED,2,623.0,0.6931471805599453,6.434546518787453
953,interviews,2,623.0,0.6931471805599453,6.434546518787453
954,etc,2,623.0,0.6931471805599453,6.434546518787453
955,popular,2,623.0,0.6931471805599453,6.434546518787453
956,part,4,1344.0,1.3862943611198906,7.203405521083095
957,traditional,2,623.0,0.6931471805599453,6.434546518787453
958,media,4,1344.0,1.3862943611198906,7.203405521083095
959,habits,2,623.0,0.6931471805599453,6.434546518787453
960,rarely,2,623.0,0.6931471805599453,6.434546518787453
961,try,4,1344.0,1.3862943611198906,7.203405521083095
962,positiveneededtraditional,2,623.0,0.6931471805599453,6.434546518787453
963,relentless,2,623.0,0.6931471805599453,6.434546518787453
964,hatestream,4,1344.0,1.3862943611198906,7.203405521083095
965,Real,2,623.0,0.6931471805599453,6.434546518787453
966,questionFate,2,623.0,0.6931471805599453,6.434546518787453
967,Ironycrazy,2,623.0,0.6931471805599453,6.434546518787453
968,insane,2,623.0,0.6931471805599453,6.434546518787453
969,tweet,4,1344.0,1.3862943611198906,7.203405521083095
970,FUD,2,623.0,0.6931471805599453,6.434546518787453
971,campaign,4,1344.0,1.3862943611198906,7.203405521083095
972,press,2,623.0,0.6931471805599453,6.434546518787453
973,20172019,2,623.0,0.6931471805599453,6.434546518787453
974,easily,2,623.0,0.6931471805599453,6.434546518787453
975,foundAlways,2,623.0,0.6931471805599453,6.434546518787453
976,look,2,623.0,0.6931471805599453,6.434546518787453
977,bright,2,623.0,0.6931471805599453,6.434546518787453
978,lifeNiceTruehypocriteHigh,2,623.0,0.6931471805599453,6.434546518787453
979,tunnelsBoring,2,623.0,0.6931471805599453,6.434546518787453
980,Company,2,623.0,0.6931471805599453,6.434546518787453
981,connected,2,623.0,0.6931471805599453,6.434546518787453
982,Resorts,2,623.0,0.6931471805599453,6.434546518787453
983,World,2,623.0,0.6931471805599453,6.434546518787453
984,hotel,2,623.0,0.6931471805599453,6.434546518787453
985,Vegas,2,623.0,0.6931471805599453,6.434546518787453
986,Convention,2,623.0,0.6931471805599453,6.434546518787453
987,Centerbackdrops,2,623.0,0.6931471805599453,6.434546518787453
988,pro,2,623.0,0.6931471805599453,6.434546518787453
989,vaccination,4,1344.0,1.3862943611198906,7.203405521083095
990,anti,2,623.0,0.6931471805599453,6.434546518787453
991,mandateAgreedMunro,2,623.0,0.6931471805599453,6.434546518787453
992,understandsSatireThank,2,623.0,0.6931471805599453,6.434546518787453
993,SmokingTesla,2,623.0,0.6931471805599453,6.434546518787453
994,Plaid,4,1344.0,1.3862943611198906,7.203405521083095
995,funExtended,2,623.0,0.6931471805599453,6.434546518787453
996,tracking,2,623.0,0.6931471805599453,6.434546518787453
997,shot,2,623.0,0.6931471805599453,6.434546518787453
998,Falcon,8,1533.5,2.0794415416798357,7.335307983554306
999,9different,2,623.0,0.6931471805599453,6.434546518787453
1000,standards,2,623.0,0.6931471805599453,6.434546518787453
1001,electricity,2,623.0,0.6931471805599453,6.434546518787453
1002,humanityGavin,2,623.0,0.6931471805599453,6.434546518787453
1003,kinda,2,623.0,0.6931471805599453,6.434546518787453
1004,badass,2,623.0,0.6931471805599453,6.434546518787453
1005,vidhigh,2,623.0,0.6931471805599453,6.434546518787453
1006,resolution,2,623.0,0.6931471805599453,6.434546518787453
1007,radar,2,623.0,0.6931471805599453,6.434546518787453
1008,relevantsolve,2,623.0,0.6931471805599453,6.434546518787453
1009,drive,4,1344.0,1.3862943611198906,7.203405521083095
1010,retrospect,2,623.0,0.6931471805599453,6.434546518787453
1011,inevitable,2,623.0,0.6931471805599453,6.434546518787453
1012,brainsDoublestandardmoneybigger,2,623.0,0.6931471805599453,6.434546518787453
1013,win,2,623.0,0.6931471805599453,6.434546518787453
1014,seemYesThursday,2,623.0,0.6931471805599453,6.434546518787453
1015,week,6,1481.5,1.791759469228055,7.30081036701362
1016,8pm,2,623.0,0.6931471805599453,6.434546518787453
1017,timeStarship,2,623.0,0.6931471805599453,6.434546518787453
1018,aspires,2,623.0,0.6931471805599453,6.434546518787453
1019,reusable,2,623.0,0.6931471805599453,6.434546518787453
1020,orbital,2,623.0,0.6931471805599453,6.434546518787453
1021,launch,8,1533.5,2.0794415416798357,7.335307983554306
1022,holy,2,623.0,0.6931471805599453,6.434546518787453
1023,grail,2,623.0,0.6931471805599453,6.434546518787453
1024,rocketry,2,623.0,0.6931471805599453,6.434546518787453
1025,breakthrough,2,623.0,0.6931471805599453,6.434546518787453
1026,multiplanetaryforms,2,623.0,0.6931471805599453,6.434546518787453
1027,EarthBecoming,2,623.0,0.6931471805599453,6.434546518787453
1028,extending,2,623.0,0.6931471805599453,6.434546518787453
1029,probable,2,623.0,0.6931471805599453,6.434546518787453
1030,lifespan,2,623.0,0.6931471805599453,6.434546518787453
1031,civilizationStarship,2,623.0,0.6931471805599453,6.434546518787453
1032,different,6,1481.5,1.791759469228055,7.30081036701362
1033,league,2,623.0,0.6931471805599453,6.434546518787453
1034,Orders,2,623.0,0.6931471805599453,6.434546518787453
1035,magnitude,2,623.0,0.6931471805599453,6.434546518787453
1036,orbit,4,1344.0,1.3862943611198906,7.203405521083095
1037,Necessary,2,623.0,0.6931471805599453,6.434546518787453
1038,creating,2,623.0,0.6931471805599453,6.434546518787453
1039,selfsustaining,2,623.0,0.6931471805599453,6.434546518787453
1040,city,2,623.0,0.6931471805599453,6.434546518787453
1041,Marsthings,2,623.0,0.6931471805599453,6.434546518787453
1042,average,2,623.0,0.6931471805599453,6.434546518787453
1043,2022,2,623.0,0.6931471805599453,6.434546518787453
1044,delivering,2,623.0,0.6931471805599453,6.434546518787453
1045,payload,2,623.0,0.6931471805599453,6.434546518787453
1046,orbitTesla,2,623.0,0.6931471805599453,6.434546518787453
1047,provide,2,623.0,0.6931471805599453,6.434546518787453
1048,Megapacks,2,623.0,0.6931471805599453,6.434546518787453
1049,grid,2,623.0,0.6931471805599453,6.434546518787453
1050,stabilizationCongrats,2,623.0,0.6931471805599453,6.434546518787453
1051,teamExactly,2,623.0,0.6931471805599453,6.434546518787453
1052,terminology,2,623.0,0.6931471805599453,6.434546518787453
1053,anachronisticcontrols,2,623.0,0.6931471805599453,6.434546518787453
1054,memes,2,623.0,0.6931471805599453,6.434546518787453
1055,Controls,2,623.0,0.6931471805599453,6.434546518787453
1056,universeSighHigh,2,623.0,0.6931471805599453,6.434546518787453
1057,latitudes,2,623.0,0.6931471805599453,6.434546518787453
1058,operational,4,1344.0,1.3862943611198906,7.203405521083095
1059,summerHaha,2,623.0,0.6931471805599453,6.434546518787453
1060,seriouslySpaceX,2,623.0,0.6931471805599453,6.434546518787453
1061,standard,4,1344.0,1.3862943611198906,7.203405521083095
1062,rises,2,623.0,0.6931471805599453,6.434546518787453
1063,orders,2,623.0,0.6931471805599453,6.434546518787453
1064,shouldnt,2,623.0,0.6931471805599453,6.434546518787453
1065,wait,2,623.0,0.6931471805599453,6.434546518787453
1066,Note,2,623.0,0.6931471805599453,6.434546518787453
1067,support,6,1481.5,1.791759469228055,7.30081036701362
1068,limited,4,1344.0,1.3862943611198906,7.203405521083095
1069,number,2,623.0,0.6931471805599453,6.434546518787453
1070,best,4,1344.0,1.3862943611198906,7.203405521083095
1071,order,2,623.0,0.6931471805599453,6.434546518787453
1072,earlyTunnelsExciting,2,623.0,0.6931471805599453,6.434546518787453
1073,progress,2,623.0,0.6931471805599453,6.434546518787453
1074,Starbase,2,623.0,0.6931471805599453,6.434546518787453
1075,Texas320,2,623.0,0.6931471805599453,6.434546518787453
1076,bar,4,1344.0,1.3862943611198906,7.203405521083095
1077,achievable,2,623.0,0.6931471805599453,6.434546518787453
1078,330twice,2,623.0,0.6931471805599453,6.434546518787453
1079,broader,2,623.0,0.6931471805599453,6.434546518787453
1080,scan,2,623.0,0.6931471805599453,6.434546518787453
1081,angleThanks,2,623.0,0.6931471805599453,6.434546518787453
1082,letting,2,623.0,0.6931471805599453,6.434546518787453
1083,fixed,2,623.0,0.6931471805599453,6.434546518787453
1084,soonThanks,2,623.0,0.6931471805599453,6.434546518787453
1085,deep,2,623.0,0.6931471805599453,6.434546518787453
1086,belly,2,623.0,0.6931471805599453,6.434546518787453
1087,laughStarlink,2,623.0,0.6931471805599453,6.434546518787453
1088,antennabegin,2,623.0,0.6931471805599453,6.434546518787453
1089,rollout,2,623.0,0.6931471805599453,6.434546518787453
1090,month,2,623.0,0.6931471805599453,6.434546518787453
1091,Safety,2,623.0,0.6931471805599453,6.434546518787453
1092,paramount,2,623.0,0.6931471805599453,6.434546518787453
1093,confirm,2,623.0,0.6931471805599453,6.434546518787453
1094,significant,4,1344.0,1.3862943611198906,7.203405521083095
1095,rulesHes,2,623.0,0.6931471805599453,6.434546518787453
1096,lobbyist,2,623.0,0.6931471805599453,6.434546518787453
1097,journalist,2,623.0,0.6931471805599453,6.434546518787453
1098,pose,2,623.0,0.6931471805599453,6.434546518787453
1099,latter,2,623.0,0.6931471805599453,6.434546518787453
1100,behaving,2,623.0,0.6931471805599453,6.434546518787453
1101,integrity,2,623.0,0.6931471805599453,6.434546518787453
1102,Indeed,2,623.0,0.6931471805599453,6.434546518787453
1103,slowed,2,623.0,0.6931471805599453,6.434546518787453
1104,2,6,1481.5,1.791759469228055,7.30081036701362
1105,mph,2,623.0,0.6931471805599453,6.434546518787453
1106,continued,2,623.0,0.6931471805599453,6.434546518787453
1107,forward,2,623.0,0.6931471805599453,6.434546518787453
1108,clear,6,1481.5,1.791759469228055,7.30081036701362
1109,view,2,623.0,0.6931471805599453,6.434546518787453
1110,pedestriansYesDragon,2,623.0,0.6931471805599453,6.434546518787453
1111,hover,2,623.0,0.6931471805599453,6.434546518787453
1112,testupload,2,623.0,0.6931471805599453,6.434546518787453
1113,videos,2,623.0,0.6931471805599453,6.434546518787453
1114,tomorrowHarbinger,2,623.0,0.6931471805599453,6.434546518787453
1115,battle,2,623.0,0.6931471805599453,6.434546518787453
1116,L,2,623.0,0.6931471805599453,6.434546518787453
1117,toughTesla,2,623.0,0.6931471805599453,6.434546518787453
1118,widely,2,623.0,0.6931471805599453,6.434546518787453
1119,understoodTesla,2,623.0,0.6931471805599453,6.434546518787453
1120,respect,2,623.0,0.6931471805599453,6.434546518787453
1121,engineering16,2,623.0,0.6931471805599453,6.434546518787453
1122,tall,2,623.0,0.6931471805599453,6.434546518787453
1123,rocket,4,1344.0,1.3862943611198906,7.203405521083095
1124,traveling,2,623.0,0.6931471805599453,6.434546518787453
1125,faster,4,1344.0,1.3862943611198906,7.203405521083095
1126,bullet,2,623.0,0.6931471805599453,6.434546518787453
1127,backflips,2,623.0,0.6931471805599453,6.434546518787453
1128,fires,2,623.0,0.6931471805599453,6.434546518787453
1129,return,2,623.0,0.6931471805599453,6.434546518787453
1130,siteDenmark,2,623.0,0.6931471805599453,6.434546518787453
1131,ended,6,1481.5,1.791759469228055,7.30081036701362
1132,Covid,2,623.0,0.6931471805599453,6.434546518787453
1133,restrictionsTheyve,2,623.0,0.6931471805599453,6.434546518787453
1134,bogus,2,623.0,0.6931471805599453,6.434546518787453
1135,articles,4,1344.0,1.3862943611198906,7.203405521083095
1136,years,10,1552.5,2.302585092994046,7.347621813807634
1137,credibility,2,623.0,0.6931471805599453,6.434546518787453
1138,suffersDave,2,623.0,0.6931471805599453,6.434546518787453
1139,youre,4,1344.0,1.3862943611198906,7.203405521083095
1140,silly,2,623.0,0.6931471805599453,6.434546518787453
1141,programs,2,623.0,0.6931471805599453,6.434546518787453
1142,wantHalo,2,623.0,0.6931471805599453,6.434546518787453
1143,Infinite,2,623.0,0.6931471805599453,6.434546518787453
1144,goodIm,2,623.0,0.6931471805599453,6.434546518787453
1145,driving,2,623.0,0.6931471805599453,6.434546518787453
1146,program,2,623.0,0.6931471805599453,6.434546518787453
1147,personally,2,623.0,0.6931471805599453,6.434546518787453
1148,programsreasons,2,623.0,0.6931471805599453,6.434546518787453
1149,unknown,2,623.0,0.6931471805599453,6.434546518787453
1150,unable,2,623.0,0.6931471805599453,6.434546518787453
1151,word,2,623.0,0.6931471805599453,6.434546518787453
1152,Teslagovernment,2,623.0,0.6931471805599453,6.434546518787453
1153,mandate,2,623.0,0.6931471805599453,6.434546518787453
1154,counterprotest,2,623.0,0.6931471805599453,6.434546518787453
1155,thereforemany,2,623.0,0.6931471805599453,6.434546518787453
1156,gene,2,623.0,0.6931471805599453,6.434546518787453
1157,sequence,2,623.0,0.6931471805599453,6.434546518787453
1158,Covid19,6,1481.5,1.791759469228055,7.30081036701362
1159,anymore,2,623.0,0.6931471805599453,6.434546518787453
1160,OG,2,623.0,0.6931471805599453,6.434546518787453
1161,agoProtesting,2,623.0,0.6931471805599453,6.434546518787453
1162,Canadian,2,623.0,0.6931471805599453,6.434546518787453
1163,winter,2,623.0,0.6931471805599453,6.434546518787453
1164,shows,2,623.0,0.6931471805599453,6.434546518787453
1165,real,4,1344.0,1.3862943611198906,7.203405521083095
1166,commitmentwould,2,623.0,0.6931471805599453,6.434546518787453
1167,appear,2,623.0,0.6931471805599453,6.434546518787453
1168,socalled,2,623.0,0.6931471805599453,6.434546518787453
1169,fringe,2,623.0,0.6931471805599453,6.434546518787453
1170,minority,2,623.0,0.6931471805599453,6.434546518787453
1171,governmentmany,2,623.0,0.6931471805599453,6.434546518787453
1172,Hitlersstep,2,623.0,0.6931471805599453,6.434546518787453
1173,directionGreat,2,623.0,0.6931471805599453,6.434546518787453
1174,interviewerCanadian,2,623.0,0.6931471805599453,6.434546518787453
1175,government,2,623.0,0.6931471805599453,6.434546518787453
1176,suppressing,2,623.0,0.6931471805599453,6.434546518787453
1177,peaceful,2,623.0,0.6931471805599453,6.434546518787453
1178,protests,2,623.0,0.6931471805599453,6.434546518787453
1179,fascism,2,623.0,0.6931471805599453,6.434546518787453
1180,lies,2,623.0,0.6931471805599453,6.434546518787453
1181,cartoonist,2,623.0,0.6931471805599453,6.434546518787453
1182,shillYupbig,2,623.0,0.6931471805599453,6.434546518787453
1183,automotive,2,623.0,0.6931471805599453,6.434546518787453
1184,advertisers,2,623.0,0.6931471805599453,6.434546518787453
1185,EVs,4,1344.0,1.3862943611198906,7.203405521083095
1186,fewer,2,623.0,0.6931471805599453,6.434546518787453
1187,catching,2,623.0,0.6931471805599453,6.434546518787453
1188,fire,2,623.0,0.6931471805599453,6.434546518787453
1189,surprising,2,623.0,0.6931471805599453,6.434546518787453
1190,internal,4,1344.0,1.3862943611198906,7.203405521083095
1191,combustion,2,623.0,0.6931471805599453,6.434546518787453
1192,engine,4,1344.0,1.3862943611198906,7.203405521083095
1193,tendency,2,623.0,0.6931471805599453,6.434546518787453
1194,combust,2,623.0,0.6931471805599453,6.434546518787453
1195,externallyrewatched,2,623.0,0.6931471805599453,6.434546518787453
1196,True,2,623.0,0.6931471805599453,6.434546518787453
1197,Romanceratio,2,623.0,0.6931471805599453,6.434546518787453
1198,machine,2,623.0,0.6931471805599453,6.434546518787453
1199,human,4,1344.0,1.3862943611198906,7.203405521083095
1200,compute,2,623.0,0.6931471805599453,6.434546518787453
1201,skyrocketsTrueVoters,2,623.0,0.6931471805599453,6.434546518787453
1202,call,2,623.0,0.6931471805599453,6.434546518787453
1203,elected,2,623.0,0.6931471805599453,6.434546518787453
1204,politicians,2,623.0,0.6931471805599453,6.434546518787453
1205,feelLie,2,623.0,0.6931471805599453,6.434546518787453
1206,think,6,1481.5,1.791759469228055,7.30081036701362
1207,Marsneed,2,623.0,0.6931471805599453,6.434546518787453
1208,serious,2,623.0,0.6931471805599453,6.434546518787453
1209,tonnage,2,623.0,0.6931471805599453,6.434546518787453
1210,MarsUniverse,2,623.0,0.6931471805599453,6.434546518787453
1211,Hydrogen,2,623.0,0.6931471805599453,6.434546518787453
1212,Sonatamany,2,623.0,0.6931471805599453,6.434546518787453
1213,fauxlong,2,623.0,0.6931471805599453,6.434546518787453
1214,roadInteresting,2,623.0,0.6931471805599453,6.434546518787453
1215,ideasEVs,2,623.0,0.6931471805599453,6.434546518787453
1216,futureExcited,2,623.0,0.6931471805599453,6.434546518787453
1217,solar,2,623.0,0.6931471805599453,6.434546518787453
1218,TeslaTesla,2,623.0,0.6931471805599453,6.434546518787453
1219,licensing,2,623.0,0.6931471805599453,6.434546518787453
1220,manufacturersDisney,2,623.0,0.6931471805599453,6.434546518787453
1221,streets,2,623.0,0.6931471805599453,6.434546518787453
1222,Euphoria,2,623.0,0.6931471805599453,6.434546518787453
1223,sheetsoneGiven,2,623.0,0.6931471805599453,6.434546518787453
1224,insanely,2,623.0,0.6931471805599453,6.434546518787453
1225,take,2,623.0,0.6931471805599453,6.434546518787453
1226,5,4,1344.0,1.3862943611198906,7.203405521083095
1227,besides,2,623.0,0.6931471805599453,6.434546518787453
1228,solvesfeeling,2,623.0,0.6931471805599453,6.434546518787453
1229,gerrymandering,2,623.0,0.6931471805599453,6.434546518787453
1230,thinkdarkness,2,623.0,0.6931471805599453,6.434546518787453
1231,bindHonestly,2,623.0,0.6931471805599453,6.434546518787453
1232,let,4,1344.0,1.3862943611198906,7.203405521083095
1233,border,2,623.0,0.6931471805599453,6.434546518787453
1234,regions,2,623.0,0.6931471805599453,6.434546518787453
1235,Let,2,623.0,0.6931471805599453,6.434546518787453
1236,decideVotescare,2,623.0,0.6931471805599453,6.434546518787453
1237,removal,2,623.0,0.6931471805599453,6.434546518787453
1238,freedom,2,623.0,0.6931471805599453,6.434546518787453
1239,tyrannySeems,2,623.0,0.6931471805599453,6.434546518787453
1240,odd,2,623.0,0.6931471805599453,6.434546518787453
1241,UN,2,623.0,0.6931471805599453,6.434546518787453
1242,hasnt,2,623.0,0.6931471805599453,6.434546518787453
1243,released,2,623.0,0.6931471805599453,6.434546518787453
1244,death,2,623.0,0.6931471805599453,6.434546518787453
1245,ratesFreedom,2,623.0,0.6931471805599453,6.434546518787453
1246,stripped,2,623.0,0.6931471805599453,6.434546518787453
1247,piece,2,623.0,0.6931471805599453,6.434546518787453
1248,goneManganese,2,623.0,0.6931471805599453,6.434546518787453
1249,operates,4,1344.0,1.3862943611198906,7.203405521083095
1250,voltagemanganese,2,623.0,0.6931471805599453,6.434546518787453
1251,alternative,2,623.0,0.6931471805599453,6.434546518787453
1252,phosphorus,2,623.0,0.6931471805599453,6.434546518787453
1253,scaling,2,623.0,0.6931471805599453,6.434546518787453
1254,TWhyearExactlypolicies,2,623.0,0.6931471805599453,6.434546518787453
1255,directly,2,623.0,0.6931471805599453,6.434546518787453
1256,responsible,2,623.0,0.6931471805599453,6.434546518787453
1257,outrageously,2,623.0,0.6931471805599453,6.434546518787453
1258,insurance,2,623.0,0.6931471805599453,6.434546518787453
1259,premiums,2,623.0,0.6931471805599453,6.434546518787453
1260,Californiansvoted,2,623.0,0.6931471805599453,6.434546518787453
1261,officeCB,2,623.0,0.6931471805599453,6.434546518787453
1262,radios,2,623.0,0.6931471805599453,6.434546518787453
1263,govtmedia,2,623.0,0.6931471805599453,6.434546518787453
1264,controlExactlyawe,2,623.0,0.6931471805599453,6.434546518787453
1265,SwedenCanadian,2,623.0,0.6931471805599453,6.434546518787453
1266,truckers,2,623.0,0.6931471805599453,6.434546518787453
1267,ruleBiden,2,623.0,0.6931471805599453,6.434546518787453
1268,treating,2,623.0,0.6931471805599453,6.434546518787453
1269,American,2,623.0,0.6931471805599453,6.434546518787453
1270,public,2,623.0,0.6931471805599453,6.434546518787453
1271,foolsBiden,2,623.0,0.6931471805599453,6.434546518787453
1272,damp,2,623.0,0.6931471805599453,6.434546518787453
1273,formmight,2,623.0,0.6931471805599453,6.434546518787453
1274,pointyStarts,2,623.0,0.6931471805599453,6.434546518787453
1275,Ends,2,623.0,0.6931471805599453,6.434546518787453
1276,ESL,2,623.0,0.6931471805599453,6.434546518787453
1277,middleJe,2,623.0,0.6931471805599453,6.434546518787453
1278,maple,2,623.0,0.6931471805599453,6.434546518787453
1279,syrupTheyre,2,623.0,0.6931471805599453,6.434546518787453
1280,driven,2,623.0,0.6931471805599453,6.434546518787453
1281,limousines,2,623.0,0.6931471805599453,6.434546518787453
1282,cant,4,1344.0,1.3862943611198906,7.203405521083095
1283,grokSounds,2,623.0,0.6931471805599453,6.434546518787453
1284,autonomous,4,1344.0,1.3862943611198906,7.203405521083095
1285,Optimus,2,623.0,0.6931471805599453,6.434546518787453
1286,greatly,2,623.0,0.6931471805599453,6.434546518787453
1287,exceed,2,623.0,0.6931471805599453,6.434546518787453
1288,scarcity,2,623.0,0.6931471805599453,6.434546518787453
1289,except,2,623.0,0.6931471805599453,6.434546518787453
1290,artificially,2,623.0,0.6931471805599453,6.434546518787453
1291,createdappear,2,623.0,0.6931471805599453,6.434546518787453
1292,room,2,623.0,0.6931471805599453,6.434546518787453
1293,improvementdriving,2,623.0,0.6931471805599453,6.434546518787453
1294,Cybertruck,2,623.0,0.6931471805599453,6.434546518787453
1295,awesometrouble,2,623.0,0.6931471805599453,6.434546518787453
1296,motivations,2,623.0,0.6931471805599453,6.434546518787453
1297,tbhNicelike,2,623.0,0.6931471805599453,6.434546518787453
1298,futureeat,2,623.0,0.6931471805599453,6.434546518787453
1299,happy,2,623.0,0.6931471805599453,6.434546518787453
1300,meal,2,623.0,0.6931471805599453,6.434546518787453
1301,tv,2,623.0,0.6931471805599453,6.434546518787453
1302,accepts,2,623.0,0.6931471805599453,6.434546518787453
1303,Dogecoinmatter,2,623.0,0.6931471805599453,6.434546518787453
1304,debatebiggest,2,623.0,0.6931471805599453,6.434546518787453
1305,limitation,2,623.0,0.6931471805599453,6.434546518787453
1306,Fremont,2,623.0,0.6931471805599453,6.434546518787453
1307,convincing,2,623.0,0.6931471805599453,6.434546518787453
1308,associates,2,623.0,0.6931471805599453,6.434546518787453
1309,job,2,623.0,0.6931471805599453,6.434546518787453
1310,opportunities,2,623.0,0.6931471805599453,6.434546518787453
1311,Thanks,2,623.0,0.6931471805599453,6.434546518787453
1312,team,4,1344.0,1.3862943611198906,7.203405521083095
1313,products,2,623.0,0.6931471805599453,6.434546518787453
1314,lovesense,2,623.0,0.6931471805599453,6.434546518787453
1315,trendGreat,2,623.0,0.6931471805599453,6.434546518787453
1316,wisdomTwitter,2,623.0,0.6931471805599453,6.434546518787453
1317,spending,2,623.0,0.6931471805599453,6.434546518787453
1318,engineering,2,623.0,0.6931471805599453,6.434546518787453
1319,resources,2,623.0,0.6931471805599453,6.434546518787453
1320,bs,2,623.0,0.6931471805599453,6.434546518787453
1321,crypto,2,623.0,0.6931471805599453,6.434546518787453
1322,scammers,2,623.0,0.6931471805599453,6.434546518787453
1323,throwing,2,623.0,0.6931471805599453,6.434546518787453
1324,spambot,2,623.0,0.6931471805599453,6.434546518787453
1325,party,2,623.0,0.6931471805599453,6.434546518787453
1326,every,4,1344.0,1.3862943611198906,7.203405521083095
1327,threadannoyinghard,2,623.0,0.6931471805599453,6.434546518787453
1328,thing,6,1481.5,1.791759469228055,7.30081036701362
1329,already,2,623.0,0.6931471805599453,6.434546518787453
1330,geo,2,623.0,0.6931471805599453,6.434546518787453
1331,sats,2,623.0,0.6931471805599453,6.434546518787453
1332,region,2,623.0,0.6931471805599453,6.434546518787453
1333,asking,2,623.0,0.6931471805599453,6.434546518787453
1334,confirmationYeah,2,623.0,0.6931471805599453,6.434546518787453
1335,saves,4,1344.0,1.3862943611198906,7.203405521083095
1336,tap,2,623.0,0.6931471805599453,6.434546518787453
1337,swipe,2,623.0,0.6931471805599453,6.434546518787453
1338,navigateCould,2,623.0,0.6931471805599453,6.434546518787453
1339,terminalswtfSUV,2,623.0,0.6931471805599453,6.434546518787453
1340,Formula,2,623.0,0.6931471805599453,6.434546518787453
1341,1,2,623.0,0.6931471805599453,6.434546518787453
1342,race,2,623.0,0.6931471805599453,6.434546518787453
1343,carBaby,2,623.0,0.6931471805599453,6.434546518787453
1344,hahapeople,2,623.0,0.6931471805599453,6.434546518787453
1345,ideaYeahMaybe,2,623.0,0.6931471805599453,6.434546518787453
1346,something,2,623.0,0.6931471805599453,6.434546518787453
1347,likeFrank,2,623.0,0.6931471805599453,6.434546518787453
1348,Beanstrue,2,623.0,0.6931471805599453,6.434546518787453
1349,chamber,4,1344.0,1.3862943611198906,7.203405521083095
1350,pressure,2,623.0,0.6931471805599453,6.434546518787453
1351,ahahaOkplaying,2,623.0,0.6931471805599453,6.434546518787453
1352,Legendary,2,623.0,0.6931471805599453,6.434546518787453
1353,difficultybest,2,623.0,0.6931471805599453,6.434546518787453
1354,Decentralized,2,623.0,0.6931471805599453,6.434546518787453
1355,criticalSheer,2,623.0,0.6931471805599453,6.434546518787453
1356,luckhear,2,623.0,0.6931471805599453,6.434546518787453
1357,versions,2,623.0,0.6931471805599453,6.434546518787453
1358,often,2,623.0,0.6931471805599453,6.434546518787453
1359,irlTesla,2,623.0,0.6931471805599453,6.434546518787453
1360,play,2,623.0,0.6931471805599453,6.434546518787453
1361,role,2,623.0,0.6931471805599453,6.434546518787453
1362,trains,2,623.0,0.6931471805599453,6.434546518787453
1363,outside,2,623.0,0.6931471805599453,6.434546518787453
1364,especially,2,623.0,0.6931471805599453,6.434546518787453
1365,advent,2,623.0,0.6931471805599453,6.434546518787453
1366,OptimusBelieve,2,623.0,0.6931471805599453,6.434546518787453
1367,futureBack,2,623.0,0.6931471805599453,6.434546518787453
1368,moon,2,623.0,0.6931471805599453,6.434546518787453
1369,soonAnother,2,623.0,0.6931471805599453,6.434546518787453
1370,49,2,623.0,0.6931471805599453,6.434546518787453
1371,Starlinks,2,623.0,0.6931471805599453,6.434546518787453
1372,orbitGood,2,623.0,0.6931471805599453,6.434546518787453
1373,progressPeople,2,623.0,0.6931471805599453,6.434546518787453
1374,yet,2,623.0,0.6931471805599453,6.434546518787453
1375,understand,2,623.0,0.6931471805599453,6.434546518787453
1376,valuable,2,623.0,0.6931471805599453,6.434546518787453
1377,vehicleLast,2,623.0,0.6931471805599453,6.434546518787453
1378,Japan,2,623.0,0.6931471805599453,6.434546518787453
1379,800k,2,623.0,0.6931471805599453,6.434546518787453
1380,births,4,1344.0,1.3862943611198906,7.203405521083095
1381,expectancy,4,1344.0,1.3862943611198906,7.203405521083095
1382,85,2,623.0,0.6931471805599453,6.434546518787453
1383,impressively,2,623.0,0.6931471805599453,6.434546518787453
1384,implying,2,623.0,0.6931471805599453,6.434546518787453
1385,population,6,1481.5,1.791759469228055,7.30081036701362
1386,68M,2,623.0,0.6931471805599453,6.434546518787453
1387,current,2,623.0,0.6931471805599453,6.434546518787453
1388,126M,2,623.0,0.6931471805599453,6.434546518787453
1389,Thats,2,623.0,0.6931471805599453,6.434546518787453
1390,ghost,2,623.0,0.6931471805599453,6.434546518787453
1391,towns,2,623.0,0.6931471805599453,6.434546518787453
1392,citiesTragic,2,623.0,0.6931471805599453,6.434546518787453
1393,egoabilitygtgt1arent,2,623.0,0.6931471805599453,6.434546518787453
1394,wont,2,623.0,0.6931471805599453,6.434546518787453
1395,MarsTrying,2,623.0,0.6931471805599453,6.434546518787453
1396,set,2,623.0,0.6931471805599453,6.434546518787453
1397,exampleExactlyUN,2,623.0,0.6931471805599453,6.434546518787453
1398,projections,2,623.0,0.6931471805599453,6.434546518787453
1399,utter,2,623.0,0.6931471805599453,6.434546518787453
1400,nonsense,2,623.0,0.6931471805599453,6.434546518787453
1401,multiply,2,623.0,0.6931471805599453,6.434546518787453
1402,Given,2,623.0,0.6931471805599453,6.434546518787453
1403,downward,2,623.0,0.6931471805599453,6.434546518787453
1404,reversedmuch,2,623.0,0.6931471805599453,6.434546518787453
1405,worried,2,623.0,0.6931471805599453,6.434546518787453
1406,collapsesee,2,623.0,0.6931471805599453,6.434546518787453
1407,Frank,2,623.0,0.6931471805599453,6.434546518787453
1408,Herbert,2,623.0,0.6931471805599453,6.434546518787453
1409,ideasYupHonestly,2,623.0,0.6931471805599453,6.434546518787453
1410,woulda,2,623.0,0.6931471805599453,6.434546518787453
1411,clickedSpatial,2,623.0,0.6931471805599453,6.434546518787453
1412,temporal,2,623.0,0.6931471805599453,6.434546518787453
1413,memory,2,623.0,0.6931471805599453,6.434546518787453
1414,improving,2,623.0,0.6931471805599453,6.434546518787453
1415,flickerYeah,2,623.0,0.6931471805599453,6.434546518787453
1416,unfortunately,2,623.0,0.6931471805599453,6.434546518787453
1417,security,2,623.0,0.6931471805599453,6.434546518787453
1418,issueCool,2,623.0,0.6931471805599453,6.434546518787453
1419,born,2,623.0,0.6931471805599453,6.434546518787453
1420,69,2,623.0,0.6931471805599453,6.434546518787453
1421,days,2,623.0,0.6931471805599453,6.434546518787453
1422,420,2,623.0,0.6931471805599453,6.434546518787453
1423,hahaobv,2,623.0,0.6931471805599453,6.434546518787453
1424,comment,2,623.0,0.6931471805599453,6.434546518787453
1425,rumor,2,623.0,0.6931471805599453,6.434546518787453
1426,headed,2,623.0,0.6931471805599453,6.434546518787453
1427,Berlin,2,623.0,0.6931471805599453,6.434546518787453
1428,mid,2,623.0,0.6931471805599453,6.434546518787453
1429,Feb,2,623.0,0.6931471805599453,6.434546518787453
1430,weekPretty,2,623.0,0.6931471805599453,6.434546518787453
1431,wildentertaining,2,623.0,0.6931471805599453,6.434546518787453
1432,outcome,2,623.0,0.6931471805599453,6.434546518787453
1433,likelyAccurate,2,623.0,0.6931471805599453,6.434546518787453
1434,video109,2,623.0,0.6931471805599453,6.434546518787453
1435,later,2,623.0,0.6931471805599453,6.434546518787453
1436,weekIndeedYeahstart,2,623.0,0.6931471805599453,6.434546518787453
1437,rolling,2,623.0,0.6931471805599453,6.434546518787453
1438,beta,2,623.0,0.6931471805599453,6.434546518787453
1439,cautiously,2,623.0,0.6931471805599453,6.434546518787453
1440,4,2,623.0,0.6931471805599453,6.434546518787453
1441,weeksGood,2,623.0,0.6931471805599453,6.434546518787453
1442,never,2,623.0,0.6931471805599453,6.434546518787453
1443,anything,2,623.0,0.6931471805599453,6.434546518787453
1444,controversialGreen,2,623.0,0.6931471805599453,6.434546518787453
1445,Hills,2,623.0,0.6931471805599453,6.434546518787453
1446,pile,2,623.0,0.6931471805599453,6.434546518787453
1447,trash,2,623.0,0.6931471805599453,6.434546518787453
1448,Linux,2,623.0,0.6931471805599453,6.434546518787453
1449,ftwheartening,2,623.0,0.6931471805599453,6.434546518787453
1450,rise,6,1481.5,1.791759469228055,7.30081036701362
1451,individualist,2,623.0,0.6931471805599453,6.434546518787453
1452,corporate,2,623.0,0.6931471805599453,6.434546518787453
1453,mediatheory,2,623.0,0.6931471805599453,6.434546518787453
1454,landing,2,623.0,0.6931471805599453,6.434546518787453
1455,leg,2,623.0,0.6931471805599453,6.434546518787453
1456,enables,2,623.0,0.6931471805599453,6.434546518787453
1457,immediate,2,623.0,0.6931471805599453,6.434546518787453
1458,reflight,2,623.0,0.6931471805599453,6.434546518787453
1459,unwieldy,2,623.0,0.6931471805599453,6.434546518787453
1460,giant,2,623.0,0.6931471805599453,6.434546518787453
1461,rocketCorrectGood,2,623.0,0.6931471805599453,6.434546518787453
1462,campaignsure,2,623.0,0.6931471805599453,6.434546518787453
1463,interesting,2,623.0,0.6931471805599453,6.434546518787453
1464,arrange,2,623.0,0.6931471805599453,6.434546518787453
1465,pixelsAI,2,623.0,0.6931471805599453,6.434546518787453
1466,box,2,623.0,0.6931471805599453,6.434546518787453
1467,hall,2,623.0,0.6931471805599453,6.434546518787453
1468,mirrors,2,623.0,0.6931471805599453,6.434546518787453
1469,insideCivilization,2,623.0,0.6931471805599453,6.434546518787453
1470,5000,2,623.0,0.6931471805599453,6.434546518787453
1471,oldinformativechance,2,623.0,0.6931471805599453,6.434546518787453
1472,species,2,623.0,0.6931471805599453,6.434546518787453
1473,extinction,2,623.0,0.6931471805599453,6.434546518787453
1474,expansion,4,1344.0,1.3862943611198906,7.203405521083095
1475,sun,2,623.0,0.6931471805599453,6.434546518787453
1476,multiplanetaryFirmware,2,623.0,0.6931471805599453,6.434546518787453
1477,fix,2,623.0,0.6931471805599453,6.434546518787453
1478,recalibrate,2,623.0,0.6931471805599453,6.434546518787453
1479,pump,2,623.0,0.6931471805599453,6.434546518787453
1480,valve,2,623.0,0.6931471805599453,6.434546518787453
1481,rollingFixing,2,623.0,0.6931471805599453,6.434546518787453
1482,priority1469,2,623.0,0.6931471805599453,6.434546518787453
1483,272,2,623.0,0.6931471805599453,6.434546518787453
1484,orbits,2,623.0,0.6931471805599453,6.434546518787453
1485,Laser,2,623.0,0.6931471805599453,6.434546518787453
1486,activate,2,623.0,0.6931471805599453,6.434546518787453
1487,soonBig,2,623.0,0.6931471805599453,6.434546518787453
1488,differenceBirds,2,623.0,0.6931471805599453,6.434546518787453
1489,mythTesla,2,623.0,0.6931471805599453,6.434546518787453
1490,merch,2,623.0,0.6931471805599453,6.434546518787453
1491,buyable,2,623.0,0.6931471805599453,6.434546518787453
1492,DogecoinYeah,2,623.0,0.6931471805599453,6.434546518787453
1493,senseAlmost,2,623.0,0.6931471805599453,6.434546518787453
1494,input,2,623.0,0.6931471805599453,6.434546518787453
1495,error,2,623.0,0.6931471805599453,6.434546518787453
1496,Car,2,623.0,0.6931471805599453,6.434546518787453
1497,automaticallyDojoYupTurns,2,623.0,0.6931471805599453,6.434546518787453
1498,yesStill,2,623.0,0.6931471805599453,6.434546518787453
1499,challenges,2,623.0,0.6931471805599453,6.434546518787453
1500,governmentGreat,2,623.0,0.6931471805599453,6.434546518787453
1501,explanationtruly,2,623.0,0.6931471805599453,6.434546518787453
1502,exceptionalBizarre,2,623.0,0.6931471805599453,6.434546518787453
1503,antienvironment,2,623.0,0.6931471805599453,6.434546518787453
1504,govt,2,623.0,0.6931471805599453,6.434546518787453
1505,CaliforniaTesla,2,623.0,0.6931471805599453,6.434546518787453
1506,fast,4,1344.0,1.3862943611198906,7.203405521083095
1507,possible,2,623.0,0.6931471805599453,6.434546518787453
1508,worldwide,3,1245.0,1.0986122886681098,7.126890808898808
1509,Sustainable,2,623.0,0.6931471805599453,6.434546518787453
1510,affects,2,623.0,0.6931471805599453,6.434546518787453
1511,everyone,2,623.0,0.6931471805599453,6.434546518787453
1512,share,2,623.0,0.6931471805599453,6.434546518787453
1513,atmosphereAccuratepeople,2,623.0,0.6931471805599453,6.434546518787453
1514,idea,2,623.0,0.6931471805599453,6.434546518787453
1515,growingalarming,2,623.0,0.6931471805599453,6.434546518787453
1516,collapse,2,623.0,0.6931471805599453,6.434546518787453
1517,continues,2,623.0,0.6931471805599453,6.434546518787453
1518,indeed,2,623.0,0.6931471805599453,6.434546518787453
1519,whimper,2,623.0,0.6931471805599453,6.434546518787453
1520,adult,2,623.0,0.6931471805599453,6.434546518787453
1521,diapersMindblowing,2,623.0,0.6931471805599453,6.434546518787453
1522,80,2,623.0,0.6931471805599453,6.434546518787453
1523,humans,2,623.0,0.6931471805599453,6.434546518787453
1524,smart,2,623.0,0.6931471805599453,6.434546518787453
1525,phoneStarship,2,623.0,0.6931471805599453,6.434546518787453
1526,catch,2,623.0,0.6931471805599453,6.434546518787453
1527,towerbest,2,623.0,0.6931471805599453,6.434546518787453
1528,along,2,623.0,0.6931471805599453,6.434546518787453
1529,Xmistake,2,623.0,0.6931471805599453,6.434546518787453
1530,Elise,4,1344.0,1.3862943611198906,7.203405521083095
1531,used,2,623.0,0.6931471805599453,6.434546518787453
1532,Roadster,2,623.0,0.6931471805599453,6.434546518787453
1533,totally,2,623.0,0.6931471805599453,6.434546518787453
1534,carMonthly,2,623.0,0.6931471805599453,6.434546518787453
1535,subscription,2,623.0,0.6931471805599453,6.434546518787453
1536,price,6,1481.5,1.791759469228055,7.30081036701362
1537,goes,2,623.0,0.6931471805599453,6.434546518787453
1538,wide,2,623.0,0.6931471805599453,6.434546518787453
1539,releaseFSD,2,623.0,0.6931471805599453,6.434546518787453
1540,closer,2,623.0,0.6931471805599453,6.434546518787453
1541,code,2,623.0,0.6931471805599453,6.434546518787453
1542,releaseUSTesla,2,623.0,0.6931471805599453,6.434546518787453
1543,rising,2,623.0,0.6931471805599453,6.434546518787453
1544,12k,2,623.0,0.6931471805599453,6.434546518787453
1545,Jan,2,623.0,0.6931471805599453,6.434546518787453
1546,17Beta,2,623.0,0.6931471805599453,6.434546518787453
1547,109,2,623.0,0.6931471805599453,6.434546518787453
1548,ready,2,623.0,0.6931471805599453,6.434546518787453
1549,Beta,2,623.0,0.6931471805599453,6.434546518787453
1550,11,2,623.0,0.6931471805599453,6.434546518787453
1551,cityhighway,2,623.0,0.6931471805599453,6.434546518787453
1552,stack,2,623.0,0.6931471805599453,6.434546518787453
1553,architectural,2,623.0,0.6931471805599453,6.434546518787453
1554,upgrades,2,623.0,0.6931471805599453,6.434546518787453
1555,monthStarlinks,2,623.0,0.6931471805599453,6.434546518787453
1556,lasers,2,623.0,0.6931471805599453,6.434546518787453
1557,deployed,2,623.0,0.6931471805599453,6.434546518787453
1558,orbitMasters,2,623.0,0.6931471805599453,6.434546518787453
1559,Doom,2,623.0,0.6931471805599453,6.434546518787453
1560,bookniceRoom,2,623.0,0.6931471805599453,6.434546518787453
1561,improveEarth,2,623.0,0.6931471805599453,6.434546518787453
1562,called,2,623.0,0.6931471805599453,6.434546518787453
1563,WaterTonnage,2,623.0,0.6931471805599453,6.434546518787453
1564,fundamental,2,623.0,0.6931471805599453,6.434546518787453
1565,metricAbsolutely,2,623.0,0.6931471805599453,6.434546518787453
1566,mathYesRaptor,2,623.0,0.6931471805599453,6.434546518787453
1567,routinely,2,623.0,0.6931471805599453,6.434546518787453
1568,300,2,623.0,0.6931471805599453,6.434546518787453
1569,main,2,623.0,0.6931471805599453,6.434546518787453
1570,pressureReminds,2,623.0,0.6931471805599453,6.434546518787453
1571,hex,2,623.0,0.6931471805599453,6.434546518787453
1572,edited,2,623.0,0.6931471805599453,6.434546518787453
1573,Ultima,2,623.0,0.6931471805599453,6.434546518787453
1574,V,2,623.0,0.6931471805599453,6.434546518787453
1575,final,2,623.0,0.6931471805599453,6.434546518787453
1576,mazeYay,2,623.0,0.6931471805599453,6.434546518787453
1577,Switzerlandway,2,623.0,0.6931471805599453,6.434546518787453
1578,touch,2,623.0,0.6931471805599453,6.434546518787453
1579,voters,2,623.0,0.6931471805599453,6.434546518787453
1580,generations,2,623.0,0.6931471805599453,6.434546518787453
1581,ageLets,2,623.0,0.6931471805599453,6.434546518787453
1582,roaring,2,623.0,0.6931471805599453,6.434546518787453
1583,20s,2,623.0,0.6931471805599453,6.434546518787453
1584,happenGreat,2,623.0,0.6931471805599453,6.434546518787453
1585,worldwideway,1,1.0,0.0,0.0
